,Date,Exercise Name,Set Order,Weight,Reps,Duration (minutes)
1,2026-08-10,Running (Treadmill),1,,,25
2,2026-08-10,Lat Pulldown (Cable),1,40.0,12,
3,2026-08-10,Lat Pulldown (Cable),2,45.0,10,
4,2026-08-10,Lat Pulldown (Cable),3,50.0,8,
5,2026-08-10,Seated Row (Cable),1,40.0,12,
6,2026-08-10,Seated Row (Cable),2,45.0,10,
7,2026-08-10,Seated Row (Cable),3,50.0,8,
8,2026-08-10,Bent Over One Arm Row (Dumbbell),1,18.0,12,
9,2026-08-10,Bent Over One Arm Row (Dumbbell),2,20.5,10,
10,2026-08-10,Bent Over One Arm Row (Dumbbell),3,23.0,8,
11,2026-08-10,Bent Over Row (Barbell),1,40.0,12,
12,2026-08-10,Bent Over Row (Barbell),2,45.0,10,
13,2026-08-10,Bent Over Row (Barbell),3,50.0,8,
14,2026-08-10,Face Pull (Cable),1,20.0,12,
15,2026-08-10,Face Pull (Cable),2,22.5,10,
16,2026-08-10,Face Pull (Cable),3,25.0,8,
17,2026-08-10,Bicep Curl (Cable),1,15.0,12,
18,2026-08-10,Bicep Curl (Cable),2,17.5,10,
19,2026-08-10,Bicep Curl (Cable),3,20.0,8,
20,2026-08-10,Crunch,1,,15,
21,2026-08-10,Crunch,2,,12,
22,2026-08-10,Crunch,3,,10,
23,2026-08-10,Hack Squat,1,70.0,12,
24,2026-08-10,Hack Squat,2,75.0,10,
25,2026-08-10,Hack Squat,3,80.0,8,
26,2026-08-11,Squat (Barbell),1,55.0,12,
27,2026-08-11,Squat (Barbell),2,60.0,10,
28,2026-08-11,Squat (Barbell),3,65.0,8,
29,2026-08-11,Leg Press,1,100.0,12,
30,2026-08-11,Leg Press,2,105.0,10,
31,2026-08-11,Leg Press,3,110.0,8,
32,2026-08-11,Leg Extension (Machine),1,35.0,12,
33,2026-08-11,Leg Extension (Machine),2,40.0,10,
34,2026-08-11,Leg Extension (Machine),3,45.0,8,
35,2026-08-11,Lying Leg Curl (Machine),1,30.0,12,
36,2026-08-11,Lying Leg Curl (Machine),2,35.0,10,
37,2026-08-11,Lying Leg Curl (Machine),3,40.0,8,
38,2026-08-11,Hip Abductor (Machine),1,40.0,12,
39,2026-08-11,Hip Abductor (Machine),2,45.0,10,
40,2026-08-11,Hip Abductor (Machine),3,50.0,8,
41,2026-08-11,hip extension,1,,15,
42,2026-08-11,hip extension,2,,12,
43,2026-08-11,hip extension,3,,10,
44,2026-08-11,Standing Calf Raise (Bodyweight),1,,15,
45,2026-08-11,Standing Calf Raise (Bodyweight),2,,12,
46,2026-08-11,Standing Calf Raise (Bodyweight),3,,10,
47,2026-08-11,Hip Adductor (Machine),1,40.0,12,
48,2026-08-11,Hip Adductor (Machine),2,45.0,10,
49,2026-08-11,Hip Adductor (Machine),3,50.0,8,
50,2026-08-13,Bench Press (Barbell),1,45.0,12,
51,2026-08-13,Bench Press (Barbell),2,50.0,10,
52,2026-08-13,Bench Press (Barbell),3,55.0,8,
53,2026-08-13,Bench Press (Dumbbell),1,16.0,12,
54,2026-08-13,Bench Press (Dumbbell),2,18.5,10,
55,2026-08-13,Bench Press (Dumbbell),3,21.0,8,
56,2026-08-13,Incline Bench Press (Barbell),1,35.0,12,
57,2026-08-13,Incline Bench Press (Barbell),2,40.0,10,
58,2026-08-13,Incline Bench Press (Barbell),3,45.0,8,
59,2026-08-13,Chest Fly,1,30.0,12,
60,2026-08-13,Chest Fly,2,35.0,10,
61,2026-08-13,Chest Fly,3,40.0,8,
62,2026-08-13,Seated Overhead Press (Dumbbell),1,12.0,12,
63,2026-08-13,Seated Overhead Press (Dumbbell),2,14.5,10,
64,2026-08-13,Seated Overhead Press (Dumbbell),3,17.0,8,
65,2026-08-13,Overhead Press (Barbell),1,27.5,12,
66,2026-08-13,Overhead Press (Barbell),2,30.0,10,
67,2026-08-13,Overhead Press (Barbell),3,32.5,8,
68,2026-08-13,Lateral Raise (Dumbbell),1,7.0,12,
69,2026-08-13,Lateral Raise (Dumbbell),2,9.5,10,
70,2026-08-13,Lateral Raise (Dumbbell),3,12.0,8,
71,2026-08-13,Triceps Pushdown (Cable - Straight Bar),1,22.5,12,
72,2026-08-13,Triceps Pushdown (Cable - Straight Bar),2,25.0,10,
73,2026-08-13,Triceps Pushdown (Cable - Straight Bar),3,27.5,8,
74,2026-08-13,Triceps Extension (Dumbbell),1,10.0,12,
75,2026-08-13,Triceps Extension (Dumbbell),2,12.5,10,
76,2026-08-13,Triceps Extension (Dumbbell),3,15.0,8,
77,2026-08-13,Chest Fly (Dumbbell),1,10.0,12,
78,2026-08-13,Chest Fly (Dumbbell),2,12.5,10,
79,2026-08-13,Chest Fly (Dumbbell),3,15.0,8,
80,2026-08-15,Deadlift (Barbell),1,70.0,12,
81,2026-08-15,Deadlift (Barbell),2,75.0,10,
82,2026-08-15,Deadlift (Barbell),3,80.0,8,
83,2026-08-15,Romanian Deadlift (Barbell),1,55.0,12,
84,2026-08-15,Romanian Deadlift (Barbell),2,60.0,10,
85,2026-08-15,Romanian Deadlift (Barbell),3,65.0,8,
86,2026-08-15,Hip Thrust (Barbell),1,60.0,12,
87,2026-08-15,Hip Thrust (Barbell),2,65.0,10,
88,2026-08-15,Hip Thrust (Barbell),3,70.0,8,
89,2026-08-15,Bulgarian Split Squat,1,12.0,12,
90,2026-08-15,Bulgarian Split Squat,2,14.5,10,
91,2026-08-15,Bulgarian Split Squat,3,17.0,8,
92,2026-08-15,Cable Kickback,1,10.0,12,
93,2026-08-15,Cable Kickback,2,12.5,10,
94,2026-08-15,Cable Kickback,3,15.0,8,
95,2026-08-15,Back Extension,1,,15,
96,2026-08-15,Back Extension,2,,12,
97,2026-08-15,Back Extension,3,,10,
98,2026-08-15,Plank,1,,,1.0
99,2026-08-15,Plank,2,,,1.25
100,2026-08-15,Plank,3,,,1.5
101,2026-08-15,Preacher Curl (Machine),1,20.0,12,
102,2026-08-15,Preacher Curl (Machine),2,22.5,10,
103,2026-08-15,Preacher Curl (Machine),3,25.0,8,
104,2026-08-17,Running (Treadmill),1,,,28
105,2026-08-17,Lat Pulldown (Cable),1,40.0,12,
106,2026-08-17,Lat Pulldown (Cable),2,45.0,10,
107,2026-08-17,Lat Pulldown (Cable),3,50.0,8,
108,2026-08-17,Seated Row (Cable),1,40.0,12,
109,2026-08-17,Seated Row (Cable),2,45.0,10,
110,2026-08-17,Seated Row (Cable),3,50.0,8,
111,2026-08-17,Bent Over One Arm Row (Dumbbell),1,18.0,12,
112,2026-08-17,Bent Over One Arm Row (Dumbbell),2,20.5,10,
113,2026-08-17,Bent Over One Arm Row (Dumbbell),3,23.0,8,
114,2026-08-17,Bent Over Row (Barbell),1,40.0,12,
115,2026-08-17,Bent Over Row (Barbell),2,45.0,10,
116,2026-08-17,Bent Over Row (Barbell),3,50.0,8,
117,2026-08-17,Face Pull (Cable),1,20.0,12,
118,2026-08-17,Face Pull (Cable),2,22.5,10,
119,2026-08-17,Face Pull (Cable),3,25.0,8,
120,2026-08-17,Bicep Curl (Cable),1,15.0,12,
121,2026-08-17,Bicep Curl (Cable),2,17.5,10,
122,2026-08-17,Bicep Curl (Cable),3,20.0,8,
123,2026-08-17,Crunch,1,,15,
124,2026-08-17,Crunch,2,,12,
125,2026-08-17,Crunch,3,,10,
126,2026-08-17,Pull Up (Assisted),1,35.0,10,
127,2026-08-17,Pull Up (Assisted),2,30.0,8,
128,2026-08-17,Pull Up (Assisted),3,25.0,6,
129,2026-08-18,Squat (Barbell),1,55.0,12,
130,2026-08-18,Squat (Barbell),2,60.0,10,
131,2026-08-18,Squat (Barbell),3,65.0,8,
132,2026-08-18,Leg Press,1,100.0,12,
133,2026-08-18,Leg Press,2,105.0,10,
134,2026-08-18,Leg Press,3,110.0,8,
135,2026-08-18,Leg Extension (Machine),1,35.0,12,
136,2026-08-18,Leg Extension (Machine),2,40.0,10,
137,2026-08-18,Leg Extension (Machine),3,45.0,8,
138,2026-08-18,Lying Leg Curl (Machine),1,30.0,12,
139,2026-08-18,Lying Leg Curl (Machine),2,35.0,10,
140,2026-08-18,Lying Leg Curl (Machine),3,40.0,8,
141,2026-08-18,Hip Abductor (Machine),1,40.0,12,
142,2026-08-18,Hip Abductor (Machine),2,45.0,10,
143,2026-08-18,Hip Abductor (Machine),3,50.0,8,
144,2026-08-18,hip extension,1,,15,
145,2026-08-18,hip extension,2,,12,
146,2026-08-18,hip extension,3,,10,
147,2026-08-18,Standing Calf Raise (Bodyweight),1,,15,
148,2026-08-18,Standing Calf Raise (Bodyweight),2,,12,
149,2026-08-18,Standing Calf Raise (Bodyweight),3,,10,
150,2026-08-18,Chin Up (Assisted),1,35.0,10,
151,2026-08-18,Chin Up (Assisted),2,30.0,8,
152,2026-08-18,Chin Up (Assisted),3,25.0,6,
153,2026-08-20,Bench Press (Barbell),1,45.0,12,
154,2026-08-20,Bench Press (Barbell),2,50.0,10,
155,2026-08-20,Bench Press (Barbell),3,55.0,8,
156,2026-08-20,Bench Press (Dumbbell),1,16.0,12,
157,2026-08-20,Bench Press (Dumbbell),2,18.5,10,
158,2026-08-20,Bench Press (Dumbbell),3,21.0,8,
159,2026-08-20,Incline Bench Press (Barbell),1,35.0,12,
160,2026-08-20,Incline Bench Press (Barbell),2,40.0,10,
161,2026-08-20,Incline Bench Press (Barbell),3,45.0,8,
162,2026-08-20,Chest Fly,1,30.0,12,
163,2026-08-20,Chest Fly,2,35.0,10,
164,2026-08-20,Chest Fly,3,40.0,8,
165,2026-08-20,Seated Overhead Press (Dumbbell),1,12.0,12,
166,2026-08-20,Seated Overhead Press (Dumbbell),2,14.5,10,
167,2026-08-20,Seated Overhead Press (Dumbbell),3,17.0,8,
168,2026-08-20,Overhead Press (Barbell),1,27.5,12,
169,2026-08-20,Overhead Press (Barbell),2,30.0,10,
170,2026-08-20,Overhead Press (Barbell),3,32.5,8,
171,2026-08-20,Lateral Raise (Dumbbell),1,7.0,12,
172,2026-08-20,Lateral Raise (Dumbbell),2,9.5,10,
173,2026-08-20,Lateral Raise (Dumbbell),3,12.0,8,
174,2026-08-20,Triceps Pushdown (Cable - Straight Bar),1,22.5,12,
175,2026-08-20,Triceps Pushdown (Cable - Straight Bar),2,25.0,10,
176,2026-08-20,Triceps Pushdown (Cable - Straight Bar),3,27.5,8,
177,2026-08-20,Triceps Extension (Dumbbell),1,10.0,12,
178,2026-08-20,Triceps Extension (Dumbbell),2,12.5,10,
179,2026-08-20,Triceps Extension (Dumbbell),3,15.0,8,
180,2026-08-20,Triceps Extension (Cable),1,17.5,12,
181,2026-08-20,Triceps Extension (Cable),2,20.0,10,
182,2026-08-20,Triceps Extension (Cable),3,22.5,8,
183,2026-08-22,Deadlift (Barbell),1,70.0,12,
184,2026-08-22,Deadlift (Barbell),2,75.0,10,
185,2026-08-22,Deadlift (Barbell),3,80.0,8,
186,2026-08-22,Romanian Deadlift (Barbell),1,55.0,12,
187,2026-08-22,Romanian Deadlift (Barbell),2,60.0,10,
188,2026-08-22,Romanian Deadlift (Barbell),3,65.0,8,
189,2026-08-22,Hip Thrust (Barbell),1,60.0,12,
190,2026-08-22,Hip Thrust (Barbell),2,65.0,10,
191,2026-08-22,Hip Thrust (Barbell),3,70.0,8,
192,2026-08-22,Bulgarian Split Squat,1,12.0,12,
193,2026-08-22,Bulgarian Split Squat,2,14.5,10,
194,2026-08-22,Bulgarian Split Squat,3,17.0,8,
195,2026-08-22,Cable Kickback,1,10.0,12,
196,2026-08-22,Cable Kickback,2,12.5,10,
197,2026-08-22,Cable Kickback,3,15.0,8,
198,2026-08-22,Back Extension,1,,15,
199,2026-08-22,Back Extension,2,,12,
200,2026-08-22,Back Extension,3,,10,
201,2026-08-22,Plank,1,,,1.0
202,2026-08-22,Plank,2,,,1.25
203,2026-08-22,Plank,3,,,1.5
204,2026-08-22,Lunge (Barbell),1,30.0,12,
205,2026-08-22,Lunge (Barbell),2,35.0,10,
206,2026-08-22,Lunge (Barbell),3,40.0,8,
207,2026-08-24,Running (Treadmill),1,,,30
208,2026-08-24,Lat Pulldown (Cable),1,42.5,12,
209,2026-08-24,Lat Pulldown (Cable),2,47.5,10,
210,2026-08-24,Lat Pulldown (Cable),3,52.5,8,
211,2026-08-24,Seated Row (Cable),1,42.5,12,
212,2026-08-24,Seated Row (Cable),2,47.5,10,
213,2026-08-24,Seated Row (Cable),3,52.5,8,
214,2026-08-24,Bent Over One Arm Row (Dumbbell),1,19.25,12,
215,2026-08-24,Bent Over One Arm Row (Dumbbell),2,21.75,10,
216,2026-08-24,Bent Over One Arm Row (Dumbbell),3,24.25,8,
217,2026-08-24,Bent Over Row (Barbell),1,42.5,12,
218,2026-08-24,Bent Over Row (Barbell),2,47.5,10,
219,2026-08-24,Bent Over Row (Barbell),3,52.5,8,
220,2026-08-24,Face Pull (Cable),1,21.25,12,
221,2026-08-24,Face Pull (Cable),2,23.75,10,
222,2026-08-24,Face Pull (Cable),3,26.25,8,
223,2026-08-24,Bicep Curl (Cable),1,16.25,12,
224,2026-08-24,Bicep Curl (Cable),2,18.75,10,
225,2026-08-24,Bicep Curl (Cable),3,21.25,8,
226,2026-08-24,Crunch,1,,15,
227,2026-08-24,Crunch,2,,12,
228,2026-08-24,Crunch,3,,10,
229,2026-08-24,Incline Bench Press (Dumbbell),1,15.25,12,
230,2026-08-24,Incline Bench Press (Dumbbell),2,17.75,10,
231,2026-08-24,Incline Bench Press (Dumbbell),3,20.25,8,
232,2026-08-25,Squat (Barbell),1,57.5,12,
233,2026-08-25,Squat (Barbell),2,62.5,10,
234,2026-08-25,Squat (Barbell),3,67.5,8,
235,2026-08-25,Leg Press,1,102.5,12,
236,2026-08-25,Leg Press,2,107.5,10,
237,2026-08-25,Leg Press,3,112.5,8,
238,2026-08-25,Leg Extension (Machine),1,37.5,12,
239,2026-08-25,Leg Extension (Machine),2,42.5,10,
240,2026-08-25,Leg Extension (Machine),3,47.5,8,
241,2026-08-25,Lying Leg Curl (Machine),1,32.5,12,
242,2026-08-25,Lying Leg Curl (Machine),2,37.5,10,
243,2026-08-25,Lying Leg Curl (Machine),3,42.5,8,
244,2026-08-25,Hip Abductor (Machine),1,42.5,12,
245,2026-08-25,Hip Abductor (Machine),2,47.5,10,
246,2026-08-25,Hip Abductor (Machine),3,52.5,8,
247,2026-08-25,hip extension,1,,15,
248,2026-08-25,hip extension,2,,12,
249,2026-08-25,hip extension,3,,10,
250,2026-08-25,Standing Calf Raise (Bodyweight),1,,15,
251,2026-08-25,Standing Calf Raise (Bodyweight),2,,12,
252,2026-08-25,Standing Calf Raise (Bodyweight),3,,10,
253,2026-08-25,Triceps Extension (Barbell),1,21.25,12,
254,2026-08-25,Triceps Extension (Barbell),2,23.75,10,
255,2026-08-25,Triceps Extension (Barbell),3,26.25,8,
256,2026-08-27,Bench Press (Barbell),1,47.5,12,
257,2026-08-27,Bench Press (Barbell),2,52.5,10,
258,2026-08-27,Bench Press (Barbell),3,57.5,8,
259,2026-08-27,Bench Press (Dumbbell),1,17.25,12,
260,2026-08-27,Bench Press (Dumbbell),2,19.75,10,
261,2026-08-27,Bench Press (Dumbbell),3,22.25,8,
262,2026-08-27,Incline Bench Press (Barbell),1,37.5,12,
263,2026-08-27,Incline Bench Press (Barbell),2,42.5,10,
264,2026-08-27,Incline Bench Press (Barbell),3,47.5,8,
265,2026-08-27,Chest Fly,1,32.5,12,
266,2026-08-27,Chest Fly,2,37.5,10,
267,2026-08-27,Chest Fly,3,42.5,8,
268,2026-08-27,Seated Overhead Press (Dumbbell),1,13.25,12,
269,2026-08-27,Seated Overhead Press (Dumbbell),2,15.75,10,
270,2026-08-27,Seated Overhead Press (Dumbbell),3,18.25,8,
271,2026-08-27,Overhead Press (Barbell),1,28.75,12,
272,2026-08-27,Overhead Press (Barbell),2,31.25,10,
273,2026-08-27,Overhead Press (Barbell),3,33.75,8,
274,2026-08-27,Lateral Raise (Dumbbell),1,8.25,12,
275,2026-08-27,Lateral Raise (Dumbbell),2,10.75,10,
276,2026-08-27,Lateral Raise (Dumbbell),3,13.25,8,
277,2026-08-27,Triceps Pushdown (Cable - Straight Bar),1,23.75,12,
278,2026-08-27,Triceps Pushdown (Cable - Straight Bar),2,26.25,10,
279,2026-08-27,Triceps Pushdown (Cable - Straight Bar),3,28.75,8,
280,2026-08-27,Triceps Extension (Dumbbell),1,11.25,12,
281,2026-08-27,Triceps Extension (Dumbbell),2,13.75,10,
282,2026-08-27,Triceps Extension (Dumbbell),3,16.25,8,
283,2026-08-27,Concentration Curl (Dumbbell),1,10.25,12,
284,2026-08-27,Concentration Curl (Dumbbell),2,12.75,10,
285,2026-08-27,Concentration Curl (Dumbbell),3,15.25,8,
286,2026-08-29,Deadlift (Barbell),1,72.5,12,
287,2026-08-29,Deadlift (Barbell),2,77.5,10,
288,2026-08-29,Deadlift (Barbell),3,82.5,8,
289,2026-08-29,Romanian Deadlift (Barbell),1,57.5,12,
290,2026-08-29,Romanian Deadlift (Barbell),2,62.5,10,
291,2026-08-29,Romanian Deadlift (Barbell),3,67.5,8,
292,2026-08-29,Hip Thrust (Barbell),1,62.5,12,
293,2026-08-29,Hip Thrust (Barbell),2,67.5,10,
294,2026-08-29,Hip Thrust (Barbell),3,72.5,8,
295,2026-08-29,Bulgarian Split Squat,1,13.25,12,
296,2026-08-29,Bulgarian Split Squat,2,15.75,10,
297,2026-08-29,Bulgarian Split Squat,3,18.25,8,
298,2026-08-29,Cable Kickback,1,11.25,12,
299,2026-08-29,Cable Kickback,2,13.75,10,
300,2026-08-29,Cable Kickback,3,16.25,8,
301,2026-08-29,Back Extension,1,,15,
302,2026-08-29,Back Extension,2,,12,
303,2026-08-29,Back Extension,3,,10,
304,2026-08-29,Plank,1,,,1.0
305,2026-08-29,Plank,2,,,1.25
306,2026-08-29,Plank,3,,,1.5
307,2026-08-29,Step-up,1,11.25,12,
308,2026-08-29,Step-up,2,13.75,10,
309,2026-08-29,Step-up,3,16.25,8,
310,2026-08-31,Running (Treadmill),1,,,32
311,2026-08-31,Lat Pulldown (Cable),1,42.5,10,
312,2026-08-31,Lat Pulldown (Cable),2,47.5,8,
313,2026-08-31,Lat Pulldown (Cable),3,52.5,8,
314,2026-08-31,Seated Row (Cable),1,42.5,10,
315,2026-08-31,Seated Row (Cable),2,47.5,8,
316,2026-08-31,Seated Row (Cable),3,52.5,8,
317,2026-08-31,Bent Over One Arm Row (Dumbbell),1,19.25,10,
318,2026-08-31,Bent Over One Arm Row (Dumbbell),2,21.75,8,
319,2026-08-31,Bent Over One Arm Row (Dumbbell),3,24.25,8,
320,2026-08-31,Bent Over Row (Barbell),1,42.5,10,
321,2026-08-31,Bent Over Row (Barbell),2,47.5,8,
322,2026-08-31,Bent Over Row (Barbell),3,52.5,8,
323,2026-08-31,Face Pull (Cable),1,21.25,10,
324,2026-08-31,Face Pull (Cable),2,23.75,8,
325,2026-08-31,Face Pull (Cable),3,26.25,8,
326,2026-08-31,Bicep Curl (Cable),1,16.25,10,
327,2026-08-31,Bicep Curl (Cable),2,18.75,8,
328,2026-08-31,Bicep Curl (Cable),3,21.25,8,
329,2026-08-31,Crunch,1,,15,
330,2026-08-31,Crunch,2,,12,
331,2026-08-31,Crunch,3,,10,
332,2026-08-31,Shoulder Press (Plate Loaded),1,32.5,10,
333,2026-08-31,Shoulder Press (Plate Loaded),2,37.5,8,
334,2026-08-31,Shoulder Press (Plate Loaded),3,42.5,8,
335,2026-09-01,Squat (Barbell),1,57.5,10,
336,2026-09-01,Squat (Barbell),2,62.5,8,
337,2026-09-01,Squat (Barbell),3,67.5,8,
338,2026-09-01,Leg Press,1,102.5,10,
339,2026-09-01,Leg Press,2,107.5,8,
340,2026-09-01,Leg Press,3,112.5,8,
341,2026-09-01,Leg Extension (Machine),1,37.5,10,
342,2026-09-01,Leg Extension (Machine),2,42.5,8,
343,2026-09-01,Leg Extension (Machine),3,47.5,8,
344,2026-09-01,Lying Leg Curl (Machine),1,32.5,10,
345,2026-09-01,Lying Leg Curl (Machine),2,37.5,8,
346,2026-09-01,Lying Leg Curl (Machine),3,42.5,8,
347,2026-09-01,Hip Abductor (Machine),1,42.5,10,
348,2026-09-01,Hip Abductor (Machine),2,47.5,8,
349,2026-09-01,Hip Abductor (Machine),3,52.5,8,
350,2026-09-01,hip extension,1,,15,
351,2026-09-01,hip extension,2,,12,
352,2026-09-01,hip extension,3,,10,
353,2026-09-01,Standing Calf Raise (Bodyweight),1,,15,
354,2026-09-01,Standing Calf Raise (Bodyweight),2,,12,
355,2026-09-01,Standing Calf Raise (Bodyweight),3,,10,
356,2026-09-01,Lateral Raise (Cable),1,6.25,10,
357,2026-09-01,Lateral Raise (Cable),2,8.75,8,
358,2026-09-01,Lateral Raise (Cable),3,11.25,8,
359,2026-09-03,Bench Press (Barbell),1,47.5,10,
360,2026-09-03,Bench Press (Barbell),2,52.5,8,
361,2026-09-03,Bench Press (Barbell),3,57.5,8,
362,2026-09-03,Bench Press (Dumbbell),1,17.25,10,
363,2026-09-03,Bench Press (Dumbbell),2,19.75,8,
364,2026-09-03,Bench Press (Dumbbell),3,22.25,8,
365,2026-09-03,Incline Bench Press (Barbell),1,37.5,10,
366,2026-09-03,Incline Bench Press (Barbell),2,42.5,8,
367,2026-09-03,Incline Bench Press (Barbell),3,47.5,8,
368,2026-09-03,Chest Fly,1,32.5,10,
369,2026-09-03,Chest Fly,2,37.5,8,
370,2026-09-03,Chest Fly,3,42.5,8,
371,2026-09-03,Seated Overhead Press (Dumbbell),1,13.25,10,
372,2026-09-03,Seated Overhead Press (Dumbbell),2,15.75,8,
373,2026-09-03,Seated Overhead Press (Dumbbell),3,18.25,8,
374,2026-09-03,Overhead Press (Barbell),1,28.75,10,
375,2026-09-03,Overhead Press (Barbell),2,31.25,8,
376,2026-09-03,Overhead Press (Barbell),3,33.75,8,
377,2026-09-03,Lateral Raise (Dumbbell),1,8.25,10,
378,2026-09-03,Lateral Raise (Dumbbell),2,10.75,8,
379,2026-09-03,Lateral Raise (Dumbbell),3,13.25,8,
380,2026-09-03,Triceps Pushdown (Cable - Straight Bar),1,23.75,10,
381,2026-09-03,Triceps Pushdown (Cable - Straight Bar),2,26.25,8,
382,2026-09-03,Triceps Pushdown (Cable - Straight Bar),3,28.75,8,
383,2026-09-03,Triceps Extension (Dumbbell),1,11.25,10,
384,2026-09-03,Triceps Extension (Dumbbell),2,13.75,8,
385,2026-09-03,Triceps Extension (Dumbbell),3,16.25,8,
386,2026-09-03,Overhead Triceps Extension,1,13.25,10,
387,2026-09-03,Overhead Triceps Extension,2,15.75,8,
388,2026-09-03,Overhead Triceps Extension,3,18.25,8,
389,2026-09-05,Deadlift (Barbell),1,72.5,10,
390,2026-09-05,Deadlift (Barbell),2,77.5,8,
391,2026-09-05,Deadlift (Barbell),3,82.5,8,
392,2026-09-05,Romanian Deadlift (Barbell),1,57.5,10,
393,2026-09-05,Romanian Deadlift (Barbell),2,62.5,8,
394,2026-09-05,Romanian Deadlift (Barbell),3,67.5,8,
395,2026-09-05,Hip Thrust (Barbell),1,62.5,10,
396,2026-09-05,Hip Thrust (Barbell),2,67.5,8,
397,2026-09-05,Hip Thrust (Barbell),3,72.5,8,
398,2026-09-05,Bulgarian Split Squat,1,13.25,10,
399,2026-09-05,Bulgarian Split Squat,2,15.75,8,
400,2026-09-05,Bulgarian Split Squat,3,18.25,8,
401,2026-09-05,Cable Kickback,1,11.25,10,
402,2026-09-05,Cable Kickback,2,13.75,8,
403,2026-09-05,Cable Kickback,3,16.25,8,
404,2026-09-05,Back Extension,1,,15,
405,2026-09-05,Back Extension,2,,12,
406,2026-09-05,Back Extension,3,,10,
407,2026-09-05,Plank,1,,,1.0
408,2026-09-05,Plank,2,,,1.25
409,2026-09-05,Plank,3,,,1.5
410,2026-09-05,Lunge (Dumbbell),1,13.25,10,
411,2026-09-05,Lunge (Dumbbell),2,15.75,8,
412,2026-09-05,Lunge (Dumbbell),3,18.25,8,
413,2026-09-07,Running (Treadmill),1,,,25
414,2026-09-07,Lat Pulldown (Cable),1,45.0,12,
415,2026-09-07,Lat Pulldown (Cable),2,50.0,10,
416,2026-09-07,Lat Pulldown (Cable),3,55.0,8,
417,2026-09-07,Seated Row (Cable),1,45.0,12,
418,2026-09-07,Seated Row (Cable),2,50.0,10,
419,2026-09-07,Seated Row (Cable),3,55.0,8,
420,2026-09-07,Bent Over One Arm Row (Dumbbell),1,20.5,12,
421,2026-09-07,Bent Over One Arm Row (Dumbbell),2,23.0,10,
422,2026-09-07,Bent Over One Arm Row (Dumbbell),3,25.5,8,
423,2026-09-07,Bent Over Row (Barbell),1,45.0,12,
424,2026-09-07,Bent Over Row (Barbell),2,50.0,10,
425,2026-09-07,Bent Over Row (Barbell),3,55.0,8,
426,2026-09-07,Face Pull (Cable),1,22.5,12,
427,2026-09-07,Face Pull (Cable),2,25.0,10,
428,2026-09-07,Face Pull (Cable),3,27.5,8,
429,2026-09-07,Bicep Curl (Cable),1,17.5,12,
430,2026-09-07,Bicep Curl (Cable),2,20.0,10,
431,2026-09-07,Bicep Curl (Cable),3,22.5,8,
432,2026-09-07,Crunch,1,,15,
433,2026-09-07,Crunch,2,,12,
434,2026-09-07,Crunch,3,,10,
435,2026-09-07,Strict Military Press (Barbell),1,27.5,12,
436,2026-09-07,Strict Military Press (Barbell),2,30.0,10,
437,2026-09-07,Strict Military Press (Barbell),3,32.5,8,
438,2026-09-08,Squat (Barbell),1,60.0,12,
439,2026-09-08,Squat (Barbell),2,65.0,10,
440,2026-09-08,Squat (Barbell),3,70.0,8,
441,2026-09-08,Leg Press,1,105.0,12,
442,2026-09-08,Leg Press,2,110.0,10,
443,2026-09-08,Leg Press,3,115.0,8,
444,2026-09-08,Leg Extension (Machine),1,40.0,12,
445,2026-09-08,Leg Extension (Machine),2,45.0,10,
446,2026-09-08,Leg Extension (Machine),3,50.0,8,
447,2026-09-08,Lying Leg Curl (Machine),1,35.0,12,
448,2026-09-08,Lying Leg Curl (Machine),2,40.0,10,
449,2026-09-08,Lying Leg Curl (Machine),3,45.0,8,
450,2026-09-08,Hip Abductor (Machine),1,45.0,12,
451,2026-09-08,Hip Abductor (Machine),2,50.0,10,
452,2026-09-08,Hip Abductor (Machine),3,55.0,8,
453,2026-09-08,hip extension,1,,15,
454,2026-09-08,hip extension,2,,12,
455,2026-09-08,hip extension,3,,10,
456,2026-09-08,Standing Calf Raise (Bodyweight),1,,15,
457,2026-09-08,Standing Calf Raise (Bodyweight),2,,12,
458,2026-09-08,Standing Calf Raise (Bodyweight),3,,10,
459,2026-09-08,Stiff Leg Deadlift (Barbell),1,55.0,12,
460,2026-09-08,Stiff Leg Deadlift (Barbell),2,60.0,10,
461,2026-09-08,Stiff Leg Deadlift (Barbell),3,65.0,8,
462,2026-09-10,Bench Press (Barbell),1,50.0,12,
463,2026-09-10,Bench Press (Barbell),2,55.0,10,
464,2026-09-10,Bench Press (Barbell),3,60.0,8,
465,2026-09-10,Bench Press (Dumbbell),1,18.5,12,
466,2026-09-10,Bench Press (Dumbbell),2,21.0,10,
467,2026-09-10,Bench Press (Dumbbell),3,23.5,8,
468,2026-09-10,Incline Bench Press (Barbell),1,40.0,12,
469,2026-09-10,Incline Bench Press (Barbell),2,45.0,10,
470,2026-09-10,Incline Bench Press (Barbell),3,50.0,8,
471,2026-09-10,Chest Fly,1,35.0,12,
472,2026-09-10,Chest Fly,2,40.0,10,
473,2026-09-10,Chest Fly,3,45.0,8,
474,2026-09-10,Seated Overhead Press (Dumbbell),1,14.5,12,
475,2026-09-10,Seated Overhead Press (Dumbbell),2,17.0,10,
476,2026-09-10,Seated Overhead Press (Dumbbell),3,19.5,8,
477,2026-09-10,Overhead Press (Barbell),1,30.0,12,
478,2026-09-10,Overhead Press (Barbell),2,32.5,10,
479,2026-09-10,Overhead Press (Barbell),3,35.0,8,
480,2026-09-10,Lateral Raise (Dumbbell),1,9.5,12,
481,2026-09-10,Lateral Raise (Dumbbell),2,12.0,10,
482,2026-09-10,Lateral Raise (Dumbbell),3,14.5,8,
483,2026-09-10,Triceps Pushdown (Cable - Straight Bar),1,25.0,12,
484,2026-09-10,Triceps Pushdown (Cable - Straight Bar),2,27.5,10,
485,2026-09-10,Triceps Pushdown (Cable - Straight Bar),3,30.0,8,
486,2026-09-10,Triceps Extension (Dumbbell),1,12.5,12,
487,2026-09-10,Triceps Extension (Dumbbell),2,15.0,10,
488,2026-09-10,Triceps Extension (Dumbbell),3,17.5,8,
489,2026-09-10,Triceps Extension Straight (Uni),1,10.0,12,
490,2026-09-10,Triceps Extension Straight (Uni),2,12.5,10,
491,2026-09-10,Triceps Extension Straight (Uni),3,15.0,8,
492,2026-09-12,Deadlift (Barbell),1,75.0,12,
493,2026-09-12,Deadlift (Barbell),2,80.0,10,
494,2026-09-12,Deadlift (Barbell),3,85.0,8,
495,2026-09-12,Romanian Deadlift (Barbell),1,60.0,12,
496,2026-09-12,Romanian Deadlift (Barbell),2,65.0,10,
497,2026-09-12,Romanian Deadlift (Barbell),3,70.0,8,
498,2026-09-12,Hip Thrust (Barbell),1,65.0,12,
499,2026-09-12,Hip Thrust (Barbell),2,70.0,10,
500,2026-09-12,Hip Thrust (Barbell),3,75.0,8,
501,2026-09-12,Bulgarian Split Squat,1,14.5,12,
502,2026-09-12,Bulgarian Split Squat,2,17.0,10,
503,2026-09-12,Bulgarian Split Squat,3,19.5,8,
504,2026-09-12,Cable Kickback,1,12.5,12,
505,2026-09-12,Cable Kickback,2,15.0,10,
506,2026-09-12,Cable Kickback,3,17.5,8,
507,2026-09-12,Back Extension,1,,15,
508,2026-09-12,Back Extension,2,,12,
509,2026-09-12,Back Extension,3,,10,
510,2026-09-12,Plank,1,,,1.0
511,2026-09-12,Plank,2,,,1.25
512,2026-09-12,Plank,3,,,1.5
513,2026-09-12,Flat Leg Raise,1,,15,
514,2026-09-12,Flat Leg Raise,2,,12,
515,2026-09-12,Flat Leg Raise,3,,10,
516,2026-09-14,Running (Treadmill),1,,,28
517,2026-09-14,Lat Pulldown (Cable),1,45.0,12,
518,2026-09-14,Lat Pulldown (Cable),2,50.0,10,
519,2026-09-14,Lat Pulldown (Cable),3,55.0,8,
520,2026-09-14,Seated Row (Cable),1,45.0,12,
521,2026-09-14,Seated Row (Cable),2,50.0,10,
522,2026-09-14,Seated Row (Cable),3,55.0,8,
523,2026-09-14,Bent Over One Arm Row (Dumbbell),1,20.5,12,
524,2026-09-14,Bent Over One Arm Row (Dumbbell),2,23.0,10,
525,2026-09-14,Bent Over One Arm Row (Dumbbell),3,25.5,8,
526,2026-09-14,Bent Over Row (Barbell),1,45.0,12,
527,2026-09-14,Bent Over Row (Barbell),2,50.0,10,
528,2026-09-14,Bent Over Row (Barbell),3,55.0,8,
529,2026-09-14,Face Pull (Cable),1,22.5,12,
530,2026-09-14,Face Pull (Cable),2,25.0,10,
531,2026-09-14,Face Pull (Cable),3,27.5,8,
532,2026-09-14,Bicep Curl (Cable),1,17.5,12,
533,2026-09-14,Bicep Curl (Cable),2,20.0,10,
534,2026-09-14,Bicep Curl (Cable),3,22.5,8,
535,2026-09-14,Crunch,1,,15,
536,2026-09-14,Crunch,2,,12,
537,2026-09-14,Crunch,3,,10,
538,2026-09-14,Pull Up,1,,8,
539,2026-09-14,Pull Up,2,,7,
540,2026-09-14,Pull Up,3,,6,
541,2026-09-15,Squat (Barbell),1,60.0,12,
542,2026-09-15,Squat (Barbell),2,65.0,10,
543,2026-09-15,Squat (Barbell),3,70.0,8,
544,2026-09-15,Leg Press,1,105.0,12,
545,2026-09-15,Leg Press,2,110.0,10,
546,2026-09-15,Leg Press,3,115.0,8,
547,2026-09-15,Leg Extension (Machine),1,40.0,12,
548,2026-09-15,Leg Extension (Machine),2,45.0,10,
549,2026-09-15,Leg Extension (Machine),3,50.0,8,
550,2026-09-15,Lying Leg Curl (Machine),1,35.0,12,
551,2026-09-15,Lying Leg Curl (Machine),2,40.0,10,
552,2026-09-15,Lying Leg Curl (Machine),3,45.0,8,
553,2026-09-15,Hip Abductor (Machine),1,45.0,12,
554,2026-09-15,Hip Abductor (Machine),2,50.0,10,
555,2026-09-15,Hip Abductor (Machine),3,55.0,8,
556,2026-09-15,hip extension,1,,15,
557,2026-09-15,hip extension,2,,12,
558,2026-09-15,hip extension,3,,10,
559,2026-09-15,Standing Calf Raise (Bodyweight),1,,15,
560,2026-09-15,Standing Calf Raise (Bodyweight),2,,12,
561,2026-09-15,Standing Calf Raise (Bodyweight),3,,10,
562,2026-09-15,Chest Dip,1,,8,
563,2026-09-15,Chest Dip,2,,7,
564,2026-09-15,Chest Dip,3,,6,
565,2026-09-17,Bench Press (Barbell),1,50.0,12,
566,2026-09-17,Bench Press (Barbell),2,55.0,10,
567,2026-09-17,Bench Press (Barbell),3,60.0,8,
568,2026-09-17,Bench Press (Dumbbell),1,18.5,12,
569,2026-09-17,Bench Press (Dumbbell),2,21.0,10,
570,2026-09-17,Bench Press (Dumbbell),3,23.5,8,
571,2026-09-17,Incline Bench Press (Barbell),1,40.0,12,
572,2026-09-17,Incline Bench Press (Barbell),2,45.0,10,
573,2026-09-17,Incline Bench Press (Barbell),3,50.0,8,
574,2026-09-17,Chest Fly,1,35.0,12,
575,2026-09-17,Chest Fly,2,40.0,10,
576,2026-09-17,Chest Fly,3,45.0,8,
577,2026-09-17,Seated Overhead Press (Dumbbell),1,14.5,12,
578,2026-09-17,Seated Overhead Press (Dumbbell),2,17.0,10,
579,2026-09-17,Seated Overhead Press (Dumbbell),3,19.5,8,
580,2026-09-17,Overhead Press (Barbell),1,30.0,12,
581,2026-09-17,Overhead Press (Barbell),2,32.5,10,
582,2026-09-17,Overhead Press (Barbell),3,35.0,8,
583,2026-09-17,Lateral Raise (Dumbbell),1,9.5,12,
584,2026-09-17,Lateral Raise (Dumbbell),2,12.0,10,
585,2026-09-17,Lateral Raise (Dumbbell),3,14.5,8,
586,2026-09-17,Triceps Pushdown (Cable - Straight Bar),1,25.0,12,
587,2026-09-17,Triceps Pushdown (Cable - Straight Bar),2,27.5,10,
588,2026-09-17,Triceps Pushdown (Cable - Straight Bar),3,30.0,8,
589,2026-09-17,Triceps Extension (Dumbbell),1,12.5,12,
590,2026-09-17,Triceps Extension (Dumbbell),2,15.0,10,
591,2026-09-17,Triceps Extension (Dumbbell),3,17.5,8,
592,2026-09-17,Triceps Dip,1,,8,
593,2026-09-17,Triceps Dip,2,,7,
594,2026-09-17,Triceps Dip,3,,6,
595,2026-09-19,Deadlift (Barbell),1,75.0,12,
596,2026-09-19,Deadlift (Barbell),2,80.0,10,
597,2026-09-19,Deadlift (Barbell),3,85.0,8,
598,2026-09-19,Romanian Deadlift (Barbell),1,60.0,12,
599,2026-09-19,Romanian Deadlift (Barbell),2,65.0,10,
600,2026-09-19,Romanian Deadlift (Barbell),3,70.0,8,
601,2026-09-19,Hip Thrust (Barbell),1,65.0,12,
602,2026-09-19,Hip Thrust (Barbell),2,70.0,10,
603,2026-09-19,Hip Thrust (Barbell),3,75.0,8,
604,2026-09-19,Bulgarian Split Squat,1,14.5,12,
605,2026-09-19,Bulgarian Split Squat,2,17.0,10,
606,2026-09-19,Bulgarian Split Squat,3,19.5,8,
607,2026-09-19,Cable Kickback,1,12.5,12,
608,2026-09-19,Cable Kickback,2,15.0,10,
609,2026-09-19,Cable Kickback,3,17.5,8,
610,2026-09-19,Back Extension,1,,15,
611,2026-09-19,Back Extension,2,,12,
612,2026-09-19,Back Extension,3,,10,
613,2026-09-19,Plank,1,,,1.0
614,2026-09-19,Plank,2,,,1.25
615,2026-09-19,Plank,3,,,1.5
616,2026-09-19,Kettle Bell Single Leg Raises,1,14.5,12,
617,2026-09-19,Kettle Bell Single Leg Raises,2,17.0,10,
618,2026-09-19,Kettle Bell Single Leg Raises,3,19.5,8,
619,2026-09-21,Running (Treadmill),1,,,30
620,2026-09-21,Lat Pulldown (Cable),1,47.5,12,
621,2026-09-21,Lat Pulldown (Cable),2,52.5,10,
622,2026-09-21,Lat Pulldown (Cable),3,57.5,8,
623,2026-09-21,Seated Row (Cable),1,47.5,12,
624,2026-09-21,Seated Row (Cable),2,52.5,10,
625,2026-09-21,Seated Row (Cable),3,57.5,8,
626,2026-09-21,Bent Over One Arm Row (Dumbbell),1,21.75,12,
627,2026-09-21,Bent Over One Arm Row (Dumbbell),2,24.25,10,
628,2026-09-21,Bent Over One Arm Row (Dumbbell),3,26.75,8,
629,2026-09-21,Bent Over Row (Barbell),1,47.5,12,
630,2026-09-21,Bent Over Row (Barbell),2,52.5,10,
631,2026-09-21,Bent Over Row (Barbell),3,57.5,8,
632,2026-09-21,Face Pull (Cable),1,23.75,12,
633,2026-09-21,Face Pull (Cable),2,26.25,10,
634,2026-09-21,Face Pull (Cable),3,28.75,8,
635,2026-09-21,Bicep Curl (Cable),1,18.75,12,
636,2026-09-21,Bicep Curl (Cable),2,21.25,10,
637,2026-09-21,Bicep Curl (Cable),3,23.75,8,
638,2026-09-21,Crunch,1,,15,
639,2026-09-21,Crunch,2,,12,
640,2026-09-21,Crunch,3,,10,
641,2026-09-21,Squat (Machine),1,67.5,12,
642,2026-09-21,Squat (Machine),2,72.5,10,
643,2026-09-21,Squat (Machine),3,77.5,8,
644,2026-09-22,Squat (Barbell),1,62.5,12,
645,2026-09-22,Squat (Barbell),2,67.5,10,
646,2026-09-22,Squat (Barbell),3,72.5,8,
647,2026-09-22,Leg Press,1,107.5,12,
648,2026-09-22,Leg Press,2,112.5,10,
649,2026-09-22,Leg Press,3,117.5,8,
650,2026-09-22,Leg Extension (Machine),1,42.5,12,
651,2026-09-22,Leg Extension (Machine),2,47.5,10,
652,2026-09-22,Leg Extension (Machine),3,52.5,8,
653,2026-09-22,Lying Leg Curl (Machine),1,37.5,12,
654,2026-09-22,Lying Leg Curl (Machine),2,42.5,10,
655,2026-09-22,Lying Leg Curl (Machine),3,47.5,8,
656,2026-09-22,Hip Abductor (Machine),1,47.5,12,
657,2026-09-22,Hip Abductor (Machine),2,52.5,10,
658,2026-09-22,Hip Abductor (Machine),3,57.5,8,
659,2026-09-22,hip extension,1,,15,
660,2026-09-22,hip extension,2,,12,
661,2026-09-22,hip extension,3,,10,
662,2026-09-22,Standing Calf Raise (Bodyweight),1,,15,
663,2026-09-22,Standing Calf Raise (Bodyweight),2,,12,
664,2026-09-22,Standing Calf Raise (Bodyweight),3,,10,
665,2026-09-22,Skullcrusher (Barbell),1,23.75,12,
666,2026-09-22,Skullcrusher (Barbell),2,26.25,10,
667,2026-09-22,Skullcrusher (Barbell),3,28.75,8,
668,2026-09-24,Bench Press (Barbell),1,52.5,12,
669,2026-09-24,Bench Press (Barbell),2,57.5,10,
670,2026-09-24,Bench Press (Barbell),3,62.5,8,
671,2026-09-24,Bench Press (Dumbbell),1,19.75,12,
672,2026-09-24,Bench Press (Dumbbell),2,22.25,10,
673,2026-09-24,Bench Press (Dumbbell),3,24.75,8,
674,2026-09-24,Incline Bench Press (Barbell),1,42.5,12,
675,2026-09-24,Incline Bench Press (Barbell),2,47.5,10,
676,2026-09-24,Incline Bench Press (Barbell),3,52.5,8,
677,2026-09-24,Chest Fly,1,37.5,12,
678,2026-09-24,Chest Fly,2,42.5,10,
679,2026-09-24,Chest Fly,3,47.5,8,
680,2026-09-24,Seated Overhead Press (Dumbbell),1,15.75,12,
681,2026-09-24,Seated Overhead Press (Dumbbell),2,18.25,10,
682,2026-09-24,Seated Overhead Press (Dumbbell),3,20.75,8,
683,2026-09-24,Overhead Press (Barbell),1,31.25,12,
684,2026-09-24,Overhead Press (Barbell),2,33.75,10,
685,2026-09-24,Overhead Press (Barbell),3,36.25,8,
686,2026-09-24,Lateral Raise (Dumbbell),1,10.75,12,
687,2026-09-24,Lateral Raise (Dumbbell),2,13.25,10,
688,2026-09-24,Lateral Raise (Dumbbell),3,15.75,8,
689,2026-09-24,Triceps Pushdown (Cable - Straight Bar),1,26.25,12,
690,2026-09-24,Triceps Pushdown (Cable - Straight Bar),2,28.75,10,
691,2026-09-24,Triceps Pushdown (Cable - Straight Bar),3,31.25,8,
692,2026-09-24,Triceps Extension (Dumbbell),1,13.75,12,
693,2026-09-24,Triceps Extension (Dumbbell),2,16.25,10,
694,2026-09-24,Triceps Extension (Dumbbell),3,18.75,8,
695,2026-09-24,Pause Squats ,1,52.5,12,
696,2026-09-24,Pause Squats ,2,57.5,10,
697,2026-09-24,Pause Squats ,3,62.5,8,
698,2026-09-26,Deadlift (Barbell),1,77.5,12,
699,2026-09-26,Deadlift (Barbell),2,82.5,10,
700,2026-09-26,Deadlift (Barbell),3,87.5,8,
701,2026-09-26,Romanian Deadlift (Barbell),1,62.5,12,
702,2026-09-26,Romanian Deadlift (Barbell),2,67.5,10,
703,2026-09-26,Romanian Deadlift (Barbell),3,72.5,8,
704,2026-09-26,Hip Thrust (Barbell),1,67.5,12,
705,2026-09-26,Hip Thrust (Barbell),2,72.5,10,
706,2026-09-26,Hip Thrust (Barbell),3,77.5,8,
707,2026-09-26,Bulgarian Split Squat,1,15.75,12,
708,2026-09-26,Bulgarian Split Squat,2,18.25,10,
709,2026-09-26,Bulgarian Split Squat,3,20.75,8,
710,2026-09-26,Cable Kickback,1,13.75,12,
711,2026-09-26,Cable Kickback,2,16.25,10,
712,2026-09-26,Cable Kickback,3,18.75,8,
713,2026-09-26,Back Extension,1,,15,
714,2026-09-26,Back Extension,2,,12,
715,2026-09-26,Back Extension,3,,10,
716,2026-09-26,Plank,1,,,1.0
717,2026-09-26,Plank,2,,,1.25
718,2026-09-26,Plank,3,,,1.5
719,2026-09-26,Larsen bench press ,1,42.5,12,
720,2026-09-26,Larsen bench press ,2,47.5,10,
721,2026-09-26,Larsen bench press ,3,52.5,8,
722,2026-09-28,Running (Treadmill),1,,,32
723,2026-09-28,Lat Pulldown (Cable),1,47.5,10,
724,2026-09-28,Lat Pulldown (Cable),2,52.5,8,
725,2026-09-28,Lat Pulldown (Cable),3,57.5,8,
726,2026-09-28,Seated Row (Cable),1,47.5,10,
727,2026-09-28,Seated Row (Cable),2,52.5,8,
728,2026-09-28,Seated Row (Cable),3,57.5,8,
729,2026-09-28,Bent Over One Arm Row (Dumbbell),1,21.75,10,
730,2026-09-28,Bent Over One Arm Row (Dumbbell),2,24.25,8,
731,2026-09-28,Bent Over One Arm Row (Dumbbell),3,26.75,8,
732,2026-09-28,Bent Over Row (Barbell),1,47.5,10,
733,2026-09-28,Bent Over Row (Barbell),2,52.5,8,
734,2026-09-28,Bent Over Row (Barbell),3,57.5,8,
735,2026-09-28,Face Pull (Cable),1,23.75,10,
736,2026-09-28,Face Pull (Cable),2,26.25,8,
737,2026-09-28,Face Pull (Cable),3,28.75,8,
738,2026-09-28,Bicep Curl (Cable),1,18.75,10,
739,2026-09-28,Bicep Curl (Cable),2,21.25,8,
740,2026-09-28,Bicep Curl (Cable),3,23.75,8,
741,2026-09-28,Crunch,1,,15,
742,2026-09-28,Crunch,2,,12,
743,2026-09-28,Crunch,3,,10,
744,2026-09-28,Front Squat (Barbell),1,52.5,10,
745,2026-09-28,Front Squat (Barbell),2,57.5,8,
746,2026-09-28,Front Squat (Barbell),3,62.5,8,
747,2026-09-29,Squat (Barbell),1,62.5,10,
748,2026-09-29,Squat (Barbell),2,67.5,8,
749,2026-09-29,Squat (Barbell),3,72.5,8,
750,2026-09-29,Leg Press,1,107.5,10,
751,2026-09-29,Leg Press,2,112.5,8,
752,2026-09-29,Leg Press,3,117.5,8,
753,2026-09-29,Leg Extension (Machine),1,42.5,10,
754,2026-09-29,Leg Extension (Machine),2,47.5,8,
755,2026-09-29,Leg Extension (Machine),3,52.5,8,
756,2026-09-29,Lying Leg Curl (Machine),1,37.5,10,
757,2026-09-29,Lying Leg Curl (Machine),2,42.5,8,
758,2026-09-29,Lying Leg Curl (Machine),3,47.5,8,
759,2026-09-29,Hip Abductor (Machine),1,47.5,10,
760,2026-09-29,Hip Abductor (Machine),2,52.5,8,
761,2026-09-29,Hip Abductor (Machine),3,57.5,8,
762,2026-09-29,hip extension,1,,15,
763,2026-09-29,hip extension,2,,12,
764,2026-09-29,hip extension,3,,10,
765,2026-09-29,Standing Calf Raise (Bodyweight),1,,15,
766,2026-09-29,Standing Calf Raise (Bodyweight),2,,12,
767,2026-09-29,Standing Calf Raise (Bodyweight),3,,10,
768,2026-09-29,Seated Leg Curl (Machine),1,37.5,10,
769,2026-09-29,Seated Leg Curl (Machine),2,42.5,8,
770,2026-09-29,Seated Leg Curl (Machine),3,47.5,8,
771,2026-10-01,Bench Press (Barbell),1,52.5,10,
772,2026-10-01,Bench Press (Barbell),2,57.5,8,
773,2026-10-01,Bench Press (Barbell),3,62.5,8,
774,2026-10-01,Bench Press (Dumbbell),1,19.75,10,
775,2026-10-01,Bench Press (Dumbbell),2,22.25,8,
776,2026-10-01,Bench Press (Dumbbell),3,24.75,8,
777,2026-10-01,Incline Bench Press (Barbell),1,42.5,10,
778,2026-10-01,Incline Bench Press (Barbell),2,47.5,8,
779,2026-10-01,Incline Bench Press (Barbell),3,52.5,8,
780,2026-10-01,Chest Fly,1,37.5,10,
781,2026-10-01,Chest Fly,2,42.5,8,
782,2026-10-01,Chest Fly,3,47.5,8,
783,2026-10-01,Seated Overhead Press (Dumbbell),1,15.75,10,
784,2026-10-01,Seated Overhead Press (Dumbbell),2,18.25,8,
785,2026-10-01,Seated Overhead Press (Dumbbell),3,20.75,8,
786,2026-10-01,Overhead Press (Barbell),1,31.25,10,
787,2026-10-01,Overhead Press (Barbell),2,33.75,8,
788,2026-10-01,Overhead Press (Barbell),3,36.25,8,
789,2026-10-01,Lateral Raise (Dumbbell),1,10.75,10,
790,2026-10-01,Lateral Raise (Dumbbell),2,13.25,8,
791,2026-10-01,Lateral Raise (Dumbbell),3,15.75,8,
792,2026-10-01,Triceps Pushdown (Cable - Straight Bar),1,26.25,10,
793,2026-10-01,Triceps Pushdown (Cable - Straight Bar),2,28.75,8,
794,2026-10-01,Triceps Pushdown (Cable - Straight Bar),3,31.25,8,
795,2026-10-01,Triceps Extension (Dumbbell),1,13.75,10,
796,2026-10-01,Triceps Extension (Dumbbell),2,16.25,8,
797,2026-10-01,Triceps Extension (Dumbbell),3,18.75,8,
798,2026-10-01,Bicep Curl (Dumbbell),1,13.75,10,
799,2026-10-01,Bicep Curl (Dumbbell),2,16.25,8,
800,2026-10-01,Bicep Curl (Dumbbell),3,18.75,8,
801,2026-10-03,Deadlift (Barbell),1,77.5,10,
802,2026-10-03,Deadlift (Barbell),2,82.5,8,
803,2026-10-03,Deadlift (Barbell),3,87.5,8,
804,2026-10-03,Romanian Deadlift (Barbell),1,62.5,10,
805,2026-10-03,Romanian Deadlift (Barbell),2,67.5,8,
806,2026-10-03,Romanian Deadlift (Barbell),3,72.5,8,
807,2026-10-03,Hip Thrust (Barbell),1,67.5,10,
808,2026-10-03,Hip Thrust (Barbell),2,72.5,8,
809,2026-10-03,Hip Thrust (Barbell),3,77.5,8,
810,2026-10-03,Bulgarian Split Squat,1,15.75,10,
811,2026-10-03,Bulgarian Split Squat,2,18.25,8,
812,2026-10-03,Bulgarian Split Squat,3,20.75,8,
813,2026-10-03,Cable Kickback,1,13.75,10,
814,2026-10-03,Cable Kickback,2,16.25,8,
815,2026-10-03,Cable Kickback,3,18.75,8,
816,2026-10-03,Back Extension,1,,15,
817,2026-10-03,Back Extension,2,,12,
818,2026-10-03,Back Extension,3,,10,
819,2026-10-03,Plank,1,,,1.0
820,2026-10-03,Plank,2,,,1.25
821,2026-10-03,Plank,3,,,1.5
822,2026-10-03,Triceps Extension,1,15.75,10,
823,2026-10-03,Triceps Extension,2,18.25,8,
824,2026-10-03,Triceps Extension,3,20.75,8,
825,2026-10-05,Running (Treadmill),1,,,25
826,2026-10-05,Lat Pulldown (Cable),1,50.0,12,
827,2026-10-05,Lat Pulldown (Cable),2,55.0,10,
828,2026-10-05,Lat Pulldown (Cable),3,60.0,8,
829,2026-10-05,Seated Row (Cable),1,50.0,12,
830,2026-10-05,Seated Row (Cable),2,55.0,10,
831,2026-10-05,Seated Row (Cable),3,60.0,8,
832,2026-10-05,Bent Over One Arm Row (Dumbbell),1,23.0,12,
833,2026-10-05,Bent Over One Arm Row (Dumbbell),2,25.5,10,
834,2026-10-05,Bent Over One Arm Row (Dumbbell),3,28.0,8,
835,2026-10-05,Bent Over Row (Barbell),1,50.0,12,
836,2026-10-05,Bent Over Row (Barbell),2,55.0,10,
837,2026-10-05,Bent Over Row (Barbell),3,60.0,8,
838,2026-10-05,Face Pull (Cable),1,25.0,12,
839,2026-10-05,Face Pull (Cable),2,27.5,10,
840,2026-10-05,Face Pull (Cable),3,30.0,8,
841,2026-10-05,Bicep Curl (Cable),1,20.0,12,
842,2026-10-05,Bicep Curl (Cable),2,22.5,10,
843,2026-10-05,Bicep Curl (Cable),3,25.0,8,
844,2026-10-05,Crunch,1,,15,
845,2026-10-05,Crunch,2,,12,
846,2026-10-05,Crunch,3,,10,
847,2026-10-05,Hack Squat,1,80.0,12,
848,2026-10-05,Hack Squat,2,85.0,10,
849,2026-10-05,Hack Squat,3,90.0,8,
850,2026-10-06,Squat (Barbell),1,65.0,12,
851,2026-10-06,Squat (Barbell),2,70.0,10,
852,2026-10-06,Squat (Barbell),3,75.0,8,
853,2026-10-06,Leg Press,1,110.0,12,
854,2026-10-06,Leg Press,2,115.0,10,
855,2026-10-06,Leg Press,3,120.0,8,
856,2026-10-06,Leg Extension (Machine),1,45.0,12,
857,2026-10-06,Leg Extension (Machine),2,50.0,10,
858,2026-10-06,Leg Extension (Machine),3,55.0,8,
859,2026-10-06,Lying Leg Curl (Machine),1,40.0,12,
860,2026-10-06,Lying Leg Curl (Machine),2,45.0,10,
861,2026-10-06,Lying Leg Curl (Machine),3,50.0,8,
862,2026-10-06,Hip Abductor (Machine),1,50.0,12,
863,2026-10-06,Hip Abductor (Machine),2,55.0,10,
864,2026-10-06,Hip Abductor (Machine),3,60.0,8,
865,2026-10-06,hip extension,1,,15,
866,2026-10-06,hip extension,2,,12,
867,2026-10-06,hip extension,3,,10,
868,2026-10-06,Standing Calf Raise (Bodyweight),1,,15,
869,2026-10-06,Standing Calf Raise (Bodyweight),2,,12,
870,2026-10-06,Standing Calf Raise (Bodyweight),3,,10,
871,2026-10-06,Hip Adductor (Machine),1,50.0,12,
872,2026-10-06,Hip Adductor (Machine),2,55.0,10,
873,2026-10-06,Hip Adductor (Machine),3,60.0,8,
874,2026-10-08,Bench Press (Barbell),1,55.0,12,
875,2026-10-08,Bench Press (Barbell),2,60.0,10,
876,2026-10-08,Bench Press (Barbell),3,65.0,8,
877,2026-10-08,Bench Press (Dumbbell),1,21.0,12,
878,2026-10-08,Bench Press (Dumbbell),2,23.5,10,
879,2026-10-08,Bench Press (Dumbbell),3,26.0,8,
880,2026-10-08,Incline Bench Press (Barbell),1,45.0,12,
881,2026-10-08,Incline Bench Press (Barbell),2,50.0,10,
882,2026-10-08,Incline Bench Press (Barbell),3,55.0,8,
883,2026-10-08,Chest Fly,1,40.0,12,
884,2026-10-08,Chest Fly,2,45.0,10,
885,2026-10-08,Chest Fly,3,50.0,8,
886,2026-10-08,Seated Overhead Press (Dumbbell),1,17.0,12,
887,2026-10-08,Seated Overhead Press (Dumbbell),2,19.5,10,
888,2026-10-08,Seated Overhead Press (Dumbbell),3,22.0,8,
889,2026-10-08,Overhead Press (Barbell),1,32.5,12,
890,2026-10-08,Overhead Press (Barbell),2,35.0,10,
891,2026-10-08,Overhead Press (Barbell),3,37.5,8,
892,2026-10-08,Lateral Raise (Dumbbell),1,12.0,12,
893,2026-10-08,Lateral Raise (Dumbbell),2,14.5,10,
894,2026-10-08,Lateral Raise (Dumbbell),3,17.0,8,
895,2026-10-08,Triceps Pushdown (Cable - Straight Bar),1,27.5,12,
896,2026-10-08,Triceps Pushdown (Cable - Straight Bar),2,30.0,10,
897,2026-10-08,Triceps Pushdown (Cable - Straight Bar),3,32.5,8,
898,2026-10-08,Triceps Extension (Dumbbell),1,15.0,12,
899,2026-10-08,Triceps Extension (Dumbbell),2,17.5,10,
900,2026-10-08,Triceps Extension (Dumbbell),3,20.0,8,
901,2026-10-08,Chest Fly (Dumbbell),1,15.0,12,
902,2026-10-08,Chest Fly (Dumbbell),2,17.5,10,
903,2026-10-08,Chest Fly (Dumbbell),3,20.0,8,
904,2026-10-10,Deadlift (Barbell),1,80.0,12,
905,2026-10-10,Deadlift (Barbell),2,85.0,10,
906,2026-10-10,Deadlift (Barbell),3,90.0,8,
907,2026-10-10,Romanian Deadlift (Barbell),1,65.0,12,
908,2026-10-10,Romanian Deadlift (Barbell),2,70.0,10,
909,2026-10-10,Romanian Deadlift (Barbell),3,75.0,8,
910,2026-10-10,Hip Thrust (Barbell),1,70.0,12,
911,2026-10-10,Hip Thrust (Barbell),2,75.0,10,
912,2026-10-10,Hip Thrust (Barbell),3,80.0,8,
913,2026-10-10,Bulgarian Split Squat,1,17.0,12,
914,2026-10-10,Bulgarian Split Squat,2,19.5,10,
915,2026-10-10,Bulgarian Split Squat,3,22.0,8,
916,2026-10-10,Cable Kickback,1,15.0,12,
917,2026-10-10,Cable Kickback,2,17.5,10,
918,2026-10-10,Cable Kickback,3,20.0,8,
919,2026-10-10,Back Extension,1,,15,
920,2026-10-10,Back Extension,2,,12,
921,2026-10-10,Back Extension,3,,10,
922,2026-10-10,Plank,1,,,1.0
923,2026-10-10,Plank,2,,,1.25
924,2026-10-10,Plank,3,,,1.5
925,2026-10-10,Preacher Curl (Machine),1,25.0,12,
926,2026-10-10,Preacher Curl (Machine),2,27.5,10,
927,2026-10-10,Preacher Curl (Machine),3,30.0,8,
928,2026-10-12,Running (Treadmill),1,,,28
929,2026-10-12,Lat Pulldown (Cable),1,50.0,12,
930,2026-10-12,Lat Pulldown (Cable),2,55.0,10,
931,2026-10-12,Lat Pulldown (Cable),3,60.0,8,
932,2026-10-12,Seated Row (Cable),1,50.0,12,
933,2026-10-12,Seated Row (Cable),2,55.0,10,
934,2026-10-12,Seated Row (Cable),3,60.0,8,
935,2026-10-12,Bent Over One Arm Row (Dumbbell),1,23.0,12,
936,2026-10-12,Bent Over One Arm Row (Dumbbell),2,25.5,10,
937,2026-10-12,Bent Over One Arm Row (Dumbbell),3,28.0,8,
938,2026-10-12,Bent Over Row (Barbell),1,50.0,12,
939,2026-10-12,Bent Over Row (Barbell),2,55.0,10,
940,2026-10-12,Bent Over Row (Barbell),3,60.0,8,
941,2026-10-12,Face Pull (Cable),1,25.0,12,
942,2026-10-12,Face Pull (Cable),2,27.5,10,
943,2026-10-12,Face Pull (Cable),3,30.0,8,
944,2026-10-12,Bicep Curl (Cable),1,20.0,12,
945,2026-10-12,Bicep Curl (Cable),2,22.5,10,
946,2026-10-12,Bicep Curl (Cable),3,25.0,8,
947,2026-10-12,Crunch,1,,15,
948,2026-10-12,Crunch,2,,12,
949,2026-10-12,Crunch,3,,10,
950,2026-10-12,Pull Up (Assisted),1,30.0,10,
951,2026-10-12,Pull Up (Assisted),2,25.0,8,
952,2026-10-12,Pull Up (Assisted),3,20.0,6,
953,2026-10-13,Squat (Barbell),1,65.0,12,
954,2026-10-13,Squat (Barbell),2,70.0,10,
955,2026-10-13,Squat (Barbell),3,75.0,8,
956,2026-10-13,Leg Press,1,110.0,12,
957,2026-10-13,Leg Press,2,115.0,10,
958,2026-10-13,Leg Press,3,120.0,8,
959,2026-10-13,Leg Extension (Machine),1,45.0,12,
960,2026-10-13,Leg Extension (Machine),2,50.0,10,
961,2026-10-13,Leg Extension (Machine),3,55.0,8,
962,2026-10-13,Lying Leg Curl (Machine),1,40.0,12,
963,2026-10-13,Lying Leg Curl (Machine),2,45.0,10,
964,2026-10-13,Lying Leg Curl (Machine),3,50.0,8,
965,2026-10-13,Hip Abductor (Machine),1,50.0,12,
966,2026-10-13,Hip Abductor (Machine),2,55.0,10,
967,2026-10-13,Hip Abductor (Machine),3,60.0,8,
968,2026-10-13,hip extension,1,,15,
969,2026-10-13,hip extension,2,,12,
970,2026-10-13,hip extension,3,,10,
971,2026-10-13,Standing Calf Raise (Bodyweight),1,,15,
972,2026-10-13,Standing Calf Raise (Bodyweight),2,,12,
973,2026-10-13,Standing Calf Raise (Bodyweight),3,,10,
974,2026-10-13,Chin Up (Assisted),1,30.0,10,
975,2026-10-13,Chin Up (Assisted),2,25.0,8,
976,2026-10-13,Chin Up (Assisted),3,20.0,6,
977,2026-10-15,Bench Press (Barbell),1,55.0,12,
978,2026-10-15,Bench Press (Barbell),2,60.0,10,
979,2026-10-15,Bench Press (Barbell),3,65.0,8,
980,2026-10-15,Bench Press (Dumbbell),1,21.0,12,
981,2026-10-15,Bench Press (Dumbbell),2,23.5,10,
982,2026-10-15,Bench Press (Dumbbell),3,26.0,8,
983,2026-10-15,Incline Bench Press (Barbell),1,45.0,12,
984,2026-10-15,Incline Bench Press (Barbell),2,50.0,10,
985,2026-10-15,Incline Bench Press (Barbell),3,55.0,8,
986,2026-10-15,Chest Fly,1,40.0,12,
987,2026-10-15,Chest Fly,2,45.0,10,
988,2026-10-15,Chest Fly,3,50.0,8,
989,2026-10-15,Seated Overhead Press (Dumbbell),1,17.0,12,
990,2026-10-15,Seated Overhead Press (Dumbbell),2,19.5,10,
991,2026-10-15,Seated Overhead Press (Dumbbell),3,22.0,8,
992,2026-10-15,Overhead Press (Barbell),1,32.5,12,
993,2026-10-15,Overhead Press (Barbell),2,35.0,10,
994,2026-10-15,Overhead Press (Barbell),3,37.5,8,
995,2026-10-15,Lateral Raise (Dumbbell),1,12.0,12,
996,2026-10-15,Lateral Raise (Dumbbell),2,14.5,10,
997,2026-10-15,Lateral Raise (Dumbbell),3,17.0,8,
998,2026-10-15,Triceps Pushdown (Cable - Straight Bar),1,27.5,12,
999,2026-10-15,Triceps Pushdown (Cable - Straight Bar),2,30.0,10,
1000,2026-10-15,Triceps Pushdown (Cable - Straight Bar),3,32.5,8,
1001,2026-10-15,Triceps Extension (Dumbbell),1,15.0,12,
1002,2026-10-15,Triceps Extension (Dumbbell),2,17.5,10,
1003,2026-10-15,Triceps Extension (Dumbbell),3,20.0,8,
1004,2026-10-15,Triceps Extension (Cable),1,22.5,12,
1005,2026-10-15,Triceps Extension (Cable),2,25.0,10,
1006,2026-10-15,Triceps Extension (Cable),3,27.5,8,
1007,2026-10-17,Deadlift (Barbell),1,80.0,12,
1008,2026-10-17,Deadlift (Barbell),2,85.0,10,
1009,2026-10-17,Deadlift (Barbell),3,90.0,8,
1010,2026-10-17,Romanian Deadlift (Barbell),1,65.0,12,
1011,2026-10-17,Romanian Deadlift (Barbell),2,70.0,10,
1012,2026-10-17,Romanian Deadlift (Barbell),3,75.0,8,
1013,2026-10-17,Hip Thrust (Barbell),1,70.0,12,
1014,2026-10-17,Hip Thrust (Barbell),2,75.0,10,
1015,2026-10-17,Hip Thrust (Barbell),3,80.0,8,
1016,2026-10-17,Bulgarian Split Squat,1,17.0,12,
1017,2026-10-17,Bulgarian Split Squat,2,19.5,10,
1018,2026-10-17,Bulgarian Split Squat,3,22.0,8,
1019,2026-10-17,Cable Kickback,1,15.0,12,
1020,2026-10-17,Cable Kickback,2,17.5,10,
1021,2026-10-17,Cable Kickback,3,20.0,8,
1022,2026-10-17,Back Extension,1,,15,
1023,2026-10-17,Back Extension,2,,12,
1024,2026-10-17,Back Extension,3,,10,
1025,2026-10-17,Plank,1,,,1.0
1026,2026-10-17,Plank,2,,,1.25
1027,2026-10-17,Plank,3,,,1.5
1028,2026-10-17,Lunge (Barbell),1,40.0,12,
1029,2026-10-17,Lunge (Barbell),2,45.0,10,
1030,2026-10-17,Lunge (Barbell),3,50.0,8,
1031,2026-10-19,Running (Treadmill),1,,,30
1032,2026-10-19,Lat Pulldown (Cable),1,52.5,12,
1033,2026-10-19,Lat Pulldown (Cable),2,57.5,10,
1034,2026-10-19,Lat Pulldown (Cable),3,62.5,8,
1035,2026-10-19,Seated Row (Cable),1,52.5,12,
1036,2026-10-19,Seated Row (Cable),2,57.5,10,
1037,2026-10-19,Seated Row (Cable),3,62.5,8,
1038,2026-10-19,Bent Over One Arm Row (Dumbbell),1,24.25,12,
1039,2026-10-19,Bent Over One Arm Row (Dumbbell),2,26.75,10,
1040,2026-10-19,Bent Over One Arm Row (Dumbbell),3,29.25,8,
1041,2026-10-19,Bent Over Row (Barbell),1,52.5,12,
1042,2026-10-19,Bent Over Row (Barbell),2,57.5,10,
1043,2026-10-19,Bent Over Row (Barbell),3,62.5,8,
1044,2026-10-19,Face Pull (Cable),1,26.25,12,
1045,2026-10-19,Face Pull (Cable),2,28.75,10,
1046,2026-10-19,Face Pull (Cable),3,31.25,8,
1047,2026-10-19,Bicep Curl (Cable),1,21.25,12,
1048,2026-10-19,Bicep Curl (Cable),2,23.75,10,
1049,2026-10-19,Bicep Curl (Cable),3,26.25,8,
1050,2026-10-19,Crunch,1,,15,
1051,2026-10-19,Crunch,2,,12,
1052,2026-10-19,Crunch,3,,10,
1053,2026-10-19,Incline Bench Press (Dumbbell),1,20.25,12,
1054,2026-10-19,Incline Bench Press (Dumbbell),2,22.75,10,
1055,2026-10-19,Incline Bench Press (Dumbbell),3,25.25,8,
1056,2026-10-20,Squat (Barbell),1,67.5,12,
1057,2026-10-20,Squat (Barbell),2,72.5,10,
1058,2026-10-20,Squat (Barbell),3,77.5,8,
1059,2026-10-20,Leg Press,1,112.5,12,
1060,2026-10-20,Leg Press,2,117.5,10,
1061,2026-10-20,Leg Press,3,122.5,8,
1062,2026-10-20,Leg Extension (Machine),1,47.5,12,
1063,2026-10-20,Leg Extension (Machine),2,52.5,10,
1064,2026-10-20,Leg Extension (Machine),3,57.5,8,
1065,2026-10-20,Lying Leg Curl (Machine),1,42.5,12,
1066,2026-10-20,Lying Leg Curl (Machine),2,47.5,10,
1067,2026-10-20,Lying Leg Curl (Machine),3,52.5,8,
1068,2026-10-20,Hip Abductor (Machine),1,52.5,12,
1069,2026-10-20,Hip Abductor (Machine),2,57.5,10,
1070,2026-10-20,Hip Abductor (Machine),3,62.5,8,
1071,2026-10-20,hip extension,1,,15,
1072,2026-10-20,hip extension,2,,12,
1073,2026-10-20,hip extension,3,,10,
1074,2026-10-20,Standing Calf Raise (Bodyweight),1,,15,
1075,2026-10-20,Standing Calf Raise (Bodyweight),2,,12,
1076,2026-10-20,Standing Calf Raise (Bodyweight),3,,10,
1077,2026-10-20,Triceps Extension (Barbell),1,26.25,12,
1078,2026-10-20,Triceps Extension (Barbell),2,28.75,10,
1079,2026-10-20,Triceps Extension (Barbell),3,31.25,8,
1080,2026-10-22,Bench Press (Barbell),1,57.5,12,
1081,2026-10-22,Bench Press (Barbell),2,62.5,10,
1082,2026-10-22,Bench Press (Barbell),3,67.5,8,
1083,2026-10-22,Bench Press (Dumbbell),1,22.25,12,
1084,2026-10-22,Bench Press (Dumbbell),2,24.75,10,
1085,2026-10-22,Bench Press (Dumbbell),3,27.25,8,
1086,2026-10-22,Incline Bench Press (Barbell),1,47.5,12,
1087,2026-10-22,Incline Bench Press (Barbell),2,52.5,10,
1088,2026-10-22,Incline Bench Press (Barbell),3,57.5,8,
1089,2026-10-22,Chest Fly,1,42.5,12,
1090,2026-10-22,Chest Fly,2,47.5,10,
1091,2026-10-22,Chest Fly,3,52.5,8,
1092,2026-10-22,Seated Overhead Press (Dumbbell),1,18.25,12,
1093,2026-10-22,Seated Overhead Press (Dumbbell),2,20.75,10,
1094,2026-10-22,Seated Overhead Press (Dumbbell),3,23.25,8,
1095,2026-10-22,Overhead Press (Barbell),1,33.75,12,
1096,2026-10-22,Overhead Press (Barbell),2,36.25,10,
1097,2026-10-22,Overhead Press (Barbell),3,38.75,8,
1098,2026-10-22,Lateral Raise (Dumbbell),1,13.25,12,
1099,2026-10-22,Lateral Raise (Dumbbell),2,15.75,10,
1100,2026-10-22,Lateral Raise (Dumbbell),3,18.25,8,
1101,2026-10-22,Triceps Pushdown (Cable - Straight Bar),1,28.75,12,
1102,2026-10-22,Triceps Pushdown (Cable - Straight Bar),2,31.25,10,
1103,2026-10-22,Triceps Pushdown (Cable - Straight Bar),3,33.75,8,
1104,2026-10-22,Triceps Extension (Dumbbell),1,16.25,12,
1105,2026-10-22,Triceps Extension (Dumbbell),2,18.75,10,
1106,2026-10-22,Triceps Extension (Dumbbell),3,21.25,8,
1107,2026-10-22,Concentration Curl (Dumbbell),1,15.25,12,
1108,2026-10-22,Concentration Curl (Dumbbell),2,17.75,10,
1109,2026-10-22,Concentration Curl (Dumbbell),3,20.25,8,
1110,2026-10-24,Deadlift (Barbell),1,82.5,12,
1111,2026-10-24,Deadlift (Barbell),2,87.5,10,
1112,2026-10-24,Deadlift (Barbell),3,92.5,8,
1113,2026-10-24,Romanian Deadlift (Barbell),1,67.5,12,
1114,2026-10-24,Romanian Deadlift (Barbell),2,72.5,10,
1115,2026-10-24,Romanian Deadlift (Barbell),3,77.5,8,
1116,2026-10-24,Hip Thrust (Barbell),1,72.5,12,
1117,2026-10-24,Hip Thrust (Barbell),2,77.5,10,
1118,2026-10-24,Hip Thrust (Barbell),3,82.5,8,
1119,2026-10-24,Bulgarian Split Squat,1,18.25,12,
1120,2026-10-24,Bulgarian Split Squat,2,20.75,10,
1121,2026-10-24,Bulgarian Split Squat,3,23.25,8,
1122,2026-10-24,Cable Kickback,1,16.25,12,
1123,2026-10-24,Cable Kickback,2,18.75,10,
1124,2026-10-24,Cable Kickback,3,21.25,8,
1125,2026-10-24,Back Extension,1,,15,
1126,2026-10-24,Back Extension,2,,12,
1127,2026-10-24,Back Extension,3,,10,
1128,2026-10-24,Plank,1,,,1.0
1129,2026-10-24,Plank,2,,,1.25
1130,2026-10-24,Plank,3,,,1.5
1131,2026-10-24,Step-up,1,16.25,12,
1132,2026-10-24,Step-up,2,18.75,10,
1133,2026-10-24,Step-up,3,21.25,8,
1134,2026-10-26,Running (Treadmill),1,,,32
1135,2026-10-26,Lat Pulldown (Cable),1,52.5,10,
1136,2026-10-26,Lat Pulldown (Cable),2,57.5,8,
1137,2026-10-26,Lat Pulldown (Cable),3,62.5,8,
1138,2026-10-26,Seated Row (Cable),1,52.5,10,
1139,2026-10-26,Seated Row (Cable),2,57.5,8,
1140,2026-10-26,Seated Row (Cable),3,62.5,8,
1141,2026-10-26,Bent Over One Arm Row (Dumbbell),1,24.25,10,
1142,2026-10-26,Bent Over One Arm Row (Dumbbell),2,26.75,8,
1143,2026-10-26,Bent Over One Arm Row (Dumbbell),3,29.25,8,
1144,2026-10-26,Bent Over Row (Barbell),1,52.5,10,
1145,2026-10-26,Bent Over Row (Barbell),2,57.5,8,
1146,2026-10-26,Bent Over Row (Barbell),3,62.5,8,
1147,2026-10-26,Face Pull (Cable),1,26.25,10,
1148,2026-10-26,Face Pull (Cable),2,28.75,8,
1149,2026-10-26,Face Pull (Cable),3,31.25,8,
1150,2026-10-26,Bicep Curl (Cable),1,21.25,10,
1151,2026-10-26,Bicep Curl (Cable),2,23.75,8,
1152,2026-10-26,Bicep Curl (Cable),3,26.25,8,
1153,2026-10-26,Crunch,1,,15,
1154,2026-10-26,Crunch,2,,12,
1155,2026-10-26,Crunch,3,,10,
1156,2026-10-26,Shoulder Press (Plate Loaded),1,42.5,10,
1157,2026-10-26,Shoulder Press (Plate Loaded),2,47.5,8,
1158,2026-10-26,Shoulder Press (Plate Loaded),3,52.5,8,
1159,2026-10-27,Squat (Barbell),1,67.5,10,
1160,2026-10-27,Squat (Barbell),2,72.5,8,
1161,2026-10-27,Squat (Barbell),3,77.5,8,
1162,2026-10-27,Leg Press,1,112.5,10,
1163,2026-10-27,Leg Press,2,117.5,8,
1164,2026-10-27,Leg Press,3,122.5,8,
1165,2026-10-27,Leg Extension (Machine),1,47.5,10,
1166,2026-10-27,Leg Extension (Machine),2,52.5,8,
1167,2026-10-27,Leg Extension (Machine),3,57.5,8,
1168,2026-10-27,Lying Leg Curl (Machine),1,42.5,10,
1169,2026-10-27,Lying Leg Curl (Machine),2,47.5,8,
1170,2026-10-27,Lying Leg Curl (Machine),3,52.5,8,
1171,2026-10-27,Hip Abductor (Machine),1,52.5,10,
1172,2026-10-27,Hip Abductor (Machine),2,57.5,8,
1173,2026-10-27,Hip Abductor (Machine),3,62.5,8,
1174,2026-10-27,hip extension,1,,15,
1175,2026-10-27,hip extension,2,,12,
1176,2026-10-27,hip extension,3,,10,
1177,2026-10-27,Standing Calf Raise (Bodyweight),1,,15,
1178,2026-10-27,Standing Calf Raise (Bodyweight),2,,12,
1179,2026-10-27,Standing Calf Raise (Bodyweight),3,,10,
1180,2026-10-27,Lateral Raise (Cable),1,11.25,10,
1181,2026-10-27,Lateral Raise (Cable),2,13.75,8,
1182,2026-10-27,Lateral Raise (Cable),3,16.25,8,
1183,2026-10-29,Bench Press (Barbell),1,57.5,10,
1184,2026-10-29,Bench Press (Barbell),2,62.5,8,
1185,2026-10-29,Bench Press (Barbell),3,67.5,8,
1186,2026-10-29,Bench Press (Dumbbell),1,22.25,10,
1187,2026-10-29,Bench Press (Dumbbell),2,24.75,8,
1188,2026-10-29,Bench Press (Dumbbell),3,27.25,8,
1189,2026-10-29,Incline Bench Press (Barbell),1,47.5,10,
1190,2026-10-29,Incline Bench Press (Barbell),2,52.5,8,
1191,2026-10-29,Incline Bench Press (Barbell),3,57.5,8,
1192,2026-10-29,Chest Fly,1,42.5,10,
1193,2026-10-29,Chest Fly,2,47.5,8,
1194,2026-10-29,Chest Fly,3,52.5,8,
1195,2026-10-29,Seated Overhead Press (Dumbbell),1,18.25,10,
1196,2026-10-29,Seated Overhead Press (Dumbbell),2,20.75,8,
1197,2026-10-29,Seated Overhead Press (Dumbbell),3,23.25,8,
1198,2026-10-29,Overhead Press (Barbell),1,33.75,10,
1199,2026-10-29,Overhead Press (Barbell),2,36.25,8,
1200,2026-10-29,Overhead Press (Barbell),3,38.75,8,
1201,2026-10-29,Lateral Raise (Dumbbell),1,13.25,10,
1202,2026-10-29,Lateral Raise (Dumbbell),2,15.75,8,
1203,2026-10-29,Lateral Raise (Dumbbell),3,18.25,8,
1204,2026-10-29,Triceps Pushdown (Cable - Straight Bar),1,28.75,10,
1205,2026-10-29,Triceps Pushdown (Cable - Straight Bar),2,31.25,8,
1206,2026-10-29,Triceps Pushdown (Cable - Straight Bar),3,33.75,8,
1207,2026-10-29,Triceps Extension (Dumbbell),1,16.25,10,
1208,2026-10-29,Triceps Extension (Dumbbell),2,18.75,8,
1209,2026-10-29,Triceps Extension (Dumbbell),3,21.25,8,
1210,2026-10-29,Overhead Triceps Extension,1,18.25,10,
1211,2026-10-29,Overhead Triceps Extension,2,20.75,8,
1212,2026-10-29,Overhead Triceps Extension,3,23.25,8,
1213,2026-10-31,Deadlift (Barbell),1,82.5,10,
1214,2026-10-31,Deadlift (Barbell),2,87.5,8,
1215,2026-10-31,Deadlift (Barbell),3,92.5,8,
1216,2026-10-31,Romanian Deadlift (Barbell),1,67.5,10,
1217,2026-10-31,Romanian Deadlift (Barbell),2,72.5,8,
1218,2026-10-31,Romanian Deadlift (Barbell),3,77.5,8,
1219,2026-10-31,Hip Thrust (Barbell),1,72.5,10,
1220,2026-10-31,Hip Thrust (Barbell),2,77.5,8,
1221,2026-10-31,Hip Thrust (Barbell),3,82.5,8,
1222,2026-10-31,Bulgarian Split Squat,1,18.25,10,
1223,2026-10-31,Bulgarian Split Squat,2,20.75,8,
1224,2026-10-31,Bulgarian Split Squat,3,23.25,8,
1225,2026-10-31,Cable Kickback,1,16.25,10,
1226,2026-10-31,Cable Kickback,2,18.75,8,
1227,2026-10-31,Cable Kickback,3,21.25,8,
1228,2026-10-31,Back Extension,1,,15,
1229,2026-10-31,Back Extension,2,,12,
1230,2026-10-31,Back Extension,3,,10,
1231,2026-10-31,Plank,1,,,1.0
1232,2026-10-31,Plank,2,,,1.25
1233,2026-10-31,Plank,3,,,1.5
1234,2026-10-31,Lunge (Dumbbell),1,18.25,10,
1235,2026-10-31,Lunge (Dumbbell),2,20.75,8,
1236,2026-10-31,Lunge (Dumbbell),3,23.25,8,
1237,2026-11-02,Running (Treadmill),1,,,25
1238,2026-11-02,Lat Pulldown (Cable),1,55.0,12,
1239,2026-11-02,Lat Pulldown (Cable),2,60.0,10,
1240,2026-11-02,Lat Pulldown (Cable),3,65.0,8,
1241,2026-11-02,Seated Row (Cable),1,55.0,12,
1242,2026-11-02,Seated Row (Cable),2,60.0,10,
1243,2026-11-02,Seated Row (Cable),3,65.0,8,
1244,2026-11-02,Bent Over One Arm Row (Dumbbell),1,25.5,12,
1245,2026-11-02,Bent Over One Arm Row (Dumbbell),2,28.0,10,
1246,2026-11-02,Bent Over One Arm Row (Dumbbell),3,30.5,8,
1247,2026-11-02,Bent Over Row (Barbell),1,55.0,12,
1248,2026-11-02,Bent Over Row (Barbell),2,60.0,10,
1249,2026-11-02,Bent Over Row (Barbell),3,65.0,8,
1250,2026-11-02,Face Pull (Cable),1,27.5,12,
1251,2026-11-02,Face Pull (Cable),2,30.0,10,
1252,2026-11-02,Face Pull (Cable),3,32.5,8,
1253,2026-11-02,Bicep Curl (Cable),1,22.5,12,
1254,2026-11-02,Bicep Curl (Cable),2,25.0,10,
1255,2026-11-02,Bicep Curl (Cable),3,27.5,8,
1256,2026-11-02,Crunch,1,,15,
1257,2026-11-02,Crunch,2,,12,
1258,2026-11-02,Crunch,3,,10,
1259,2026-11-02,Strict Military Press (Barbell),1,32.5,12,
1260,2026-11-02,Strict Military Press (Barbell),2,35.0,10,
1261,2026-11-02,Strict Military Press (Barbell),3,37.5,8,
1262,2026-11-03,Squat (Barbell),1,70.0,12,
1263,2026-11-03,Squat (Barbell),2,75.0,10,
1264,2026-11-03,Squat (Barbell),3,80.0,8,
1265,2026-11-03,Leg Press,1,115.0,12,
1266,2026-11-03,Leg Press,2,120.0,10,
1267,2026-11-03,Leg Press,3,125.0,8,
1268,2026-11-03,Leg Extension (Machine),1,50.0,12,
1269,2026-11-03,Leg Extension (Machine),2,55.0,10,
1270,2026-11-03,Leg Extension (Machine),3,60.0,8,
1271,2026-11-03,Lying Leg Curl (Machine),1,45.0,12,
1272,2026-11-03,Lying Leg Curl (Machine),2,50.0,10,
1273,2026-11-03,Lying Leg Curl (Machine),3,55.0,8,
1274,2026-11-03,Hip Abductor (Machine),1,55.0,12,
1275,2026-11-03,Hip Abductor (Machine),2,60.0,10,
1276,2026-11-03,Hip Abductor (Machine),3,65.0,8,
1277,2026-11-03,hip extension,1,,15,
1278,2026-11-03,hip extension,2,,12,
1279,2026-11-03,hip extension,3,,10,
1280,2026-11-03,Standing Calf Raise (Bodyweight),1,,15,
1281,2026-11-03,Standing Calf Raise (Bodyweight),2,,12,
1282,2026-11-03,Standing Calf Raise (Bodyweight),3,,10,
1283,2026-11-03,Stiff Leg Deadlift (Barbell),1,65.0,12,
1284,2026-11-03,Stiff Leg Deadlift (Barbell),2,70.0,10,
1285,2026-11-03,Stiff Leg Deadlift (Barbell),3,75.0,8,
1286,2026-11-05,Bench Press (Barbell),1,60.0,12,
1287,2026-11-05,Bench Press (Barbell),2,65.0,10,
1288,2026-11-05,Bench Press (Barbell),3,70.0,8,
1289,2026-11-05,Bench Press (Dumbbell),1,23.5,12,
1290,2026-11-05,Bench Press (Dumbbell),2,26.0,10,
1291,2026-11-05,Bench Press (Dumbbell),3,28.5,8,
1292,2026-11-05,Incline Bench Press (Barbell),1,50.0,12,
1293,2026-11-05,Incline Bench Press (Barbell),2,55.0,10,
1294,2026-11-05,Incline Bench Press (Barbell),3,60.0,8,
1295,2026-11-05,Chest Fly,1,45.0,12,
1296,2026-11-05,Chest Fly,2,50.0,10,
1297,2026-11-05,Chest Fly,3,55.0,8,
1298,2026-11-05,Seated Overhead Press (Dumbbell),1,19.5,12,
1299,2026-11-05,Seated Overhead Press (Dumbbell),2,22.0,10,
1300,2026-11-05,Seated Overhead Press (Dumbbell),3,24.5,8,
1301,2026-11-05,Overhead Press (Barbell),1,35.0,12,
1302,2026-11-05,Overhead Press (Barbell),2,37.5,10,
1303,2026-11-05,Overhead Press (Barbell),3,40.0,8,
1304,2026-11-05,Lateral Raise (Dumbbell),1,14.5,12,
1305,2026-11-05,Lateral Raise (Dumbbell),2,17.0,10,
1306,2026-11-05,Lateral Raise (Dumbbell),3,19.5,8,
1307,2026-11-05,Triceps Pushdown (Cable - Straight Bar),1,30.0,12,
1308,2026-11-05,Triceps Pushdown (Cable - Straight Bar),2,32.5,10,
1309,2026-11-05,Triceps Pushdown (Cable - Straight Bar),3,35.0,8,
1310,2026-11-05,Triceps Extension (Dumbbell),1,17.5,12,
1311,2026-11-05,Triceps Extension (Dumbbell),2,20.0,10,
1312,2026-11-05,Triceps Extension (Dumbbell),3,22.5,8,
1313,2026-11-05,Triceps Extension Straight (Uni),1,15.0,12,
1314,2026-11-05,Triceps Extension Straight (Uni),2,17.5,10,
1315,2026-11-05,Triceps Extension Straight (Uni),3,20.0,8,
1316,2026-11-07,Deadlift (Barbell),1,85.0,12,
1317,2026-11-07,Deadlift (Barbell),2,90.0,10,
1318,2026-11-07,Deadlift (Barbell),3,95.0,8,
1319,2026-11-07,Romanian Deadlift (Barbell),1,70.0,12,
1320,2026-11-07,Romanian Deadlift (Barbell),2,75.0,10,
1321,2026-11-07,Romanian Deadlift (Barbell),3,80.0,8,
1322,2026-11-07,Hip Thrust (Barbell),1,75.0,12,
1323,2026-11-07,Hip Thrust (Barbell),2,80.0,10,
1324,2026-11-07,Hip Thrust (Barbell),3,85.0,8,
1325,2026-11-07,Bulgarian Split Squat,1,19.5,12,
1326,2026-11-07,Bulgarian Split Squat,2,22.0,10,
1327,2026-11-07,Bulgarian Split Squat,3,24.5,8,
1328,2026-11-07,Cable Kickback,1,17.5,12,
1329,2026-11-07,Cable Kickback,2,20.0,10,
1330,2026-11-07,Cable Kickback,3,22.5,8,
1331,2026-11-07,Back Extension,1,,15,
1332,2026-11-07,Back Extension,2,,12,
1333,2026-11-07,Back Extension,3,,10,
1334,2026-11-07,Plank,1,,,1.0
1335,2026-11-07,Plank,2,,,1.25
1336,2026-11-07,Plank,3,,,1.5
1337,2026-11-07,Flat Leg Raise,1,,15,
1338,2026-11-07,Flat Leg Raise,2,,12,
1339,2026-11-07,Flat Leg Raise,3,,10,
1340,2026-11-09,Running (Treadmill),1,,,28
1341,2026-11-09,Lat Pulldown (Cable),1,55.0,12,
1342,2026-11-09,Lat Pulldown (Cable),2,60.0,10,
1343,2026-11-09,Lat Pulldown (Cable),3,65.0,8,
1344,2026-11-09,Seated Row (Cable),1,55.0,12,
1345,2026-11-09,Seated Row (Cable),2,60.0,10,
1346,2026-11-09,Seated Row (Cable),3,65.0,8,
1347,2026-11-09,Bent Over One Arm Row (Dumbbell),1,25.5,12,
1348,2026-11-09,Bent Over One Arm Row (Dumbbell),2,28.0,10,
1349,2026-11-09,Bent Over One Arm Row (Dumbbell),3,30.5,8,
1350,2026-11-09,Bent Over Row (Barbell),1,55.0,12,
1351,2026-11-09,Bent Over Row (Barbell),2,60.0,10,
1352,2026-11-09,Bent Over Row (Barbell),3,65.0,8,
1353,2026-11-09,Face Pull (Cable),1,27.5,12,
1354,2026-11-09,Face Pull (Cable),2,30.0,10,
1355,2026-11-09,Face Pull (Cable),3,32.5,8,
1356,2026-11-09,Bicep Curl (Cable),1,22.5,12,
1357,2026-11-09,Bicep Curl (Cable),2,25.0,10,
1358,2026-11-09,Bicep Curl (Cable),3,27.5,8,
1359,2026-11-09,Crunch,1,,15,
1360,2026-11-09,Crunch,2,,12,
1361,2026-11-09,Crunch,3,,10,
1362,2026-11-09,Pull Up,1,,8,
1363,2026-11-09,Pull Up,2,,7,
1364,2026-11-09,Pull Up,3,,6,
1365,2026-11-10,Squat (Barbell),1,70.0,12,
1366,2026-11-10,Squat (Barbell),2,75.0,10,
1367,2026-11-10,Squat (Barbell),3,80.0,8,
1368,2026-11-10,Leg Press,1,115.0,12,
1369,2026-11-10,Leg Press,2,120.0,10,
1370,2026-11-10,Leg Press,3,125.0,8,
1371,2026-11-10,Leg Extension (Machine),1,50.0,12,
1372,2026-11-10,Leg Extension (Machine),2,55.0,10,
1373,2026-11-10,Leg Extension (Machine),3,60.0,8,
1374,2026-11-10,Lying Leg Curl (Machine),1,45.0,12,
1375,2026-11-10,Lying Leg Curl (Machine),2,50.0,10,
1376,2026-11-10,Lying Leg Curl (Machine),3,55.0,8,
1377,2026-11-10,Hip Abductor (Machine),1,55.0,12,
1378,2026-11-10,Hip Abductor (Machine),2,60.0,10,
1379,2026-11-10,Hip Abductor (Machine),3,65.0,8,
1380,2026-11-10,hip extension,1,,15,
1381,2026-11-10,hip extension,2,,12,
1382,2026-11-10,hip extension,3,,10,
1383,2026-11-10,Standing Calf Raise (Bodyweight),1,,15,
1384,2026-11-10,Standing Calf Raise (Bodyweight),2,,12,
1385,2026-11-10,Standing Calf Raise (Bodyweight),3,,10,
1386,2026-11-10,Chest Dip,1,,8,
1387,2026-11-10,Chest Dip,2,,7,
1388,2026-11-10,Chest Dip,3,,6,
1389,2026-11-12,Bench Press (Barbell),1,60.0,12,
1390,2026-11-12,Bench Press (Barbell),2,65.0,10,
1391,2026-11-12,Bench Press (Barbell),3,70.0,8,
1392,2026-11-12,Bench Press (Dumbbell),1,23.5,12,
1393,2026-11-12,Bench Press (Dumbbell),2,26.0,10,
1394,2026-11-12,Bench Press (Dumbbell),3,28.5,8,
1395,2026-11-12,Incline Bench Press (Barbell),1,50.0,12,
1396,2026-11-12,Incline Bench Press (Barbell),2,55.0,10,
1397,2026-11-12,Incline Bench Press (Barbell),3,60.0,8,
1398,2026-11-12,Chest Fly,1,45.0,12,
1399,2026-11-12,Chest Fly,2,50.0,10,
1400,2026-11-12,Chest Fly,3,55.0,8,
1401,2026-11-12,Seated Overhead Press (Dumbbell),1,19.5,12,
1402,2026-11-12,Seated Overhead Press (Dumbbell),2,22.0,10,
1403,2026-11-12,Seated Overhead Press (Dumbbell),3,24.5,8,
1404,2026-11-12,Overhead Press (Barbell),1,35.0,12,
1405,2026-11-12,Overhead Press (Barbell),2,37.5,10,
1406,2026-11-12,Overhead Press (Barbell),3,40.0,8,
1407,2026-11-12,Lateral Raise (Dumbbell),1,14.5,12,
1408,2026-11-12,Lateral Raise (Dumbbell),2,17.0,10,
1409,2026-11-12,Lateral Raise (Dumbbell),3,19.5,8,
1410,2026-11-12,Triceps Pushdown (Cable - Straight Bar),1,30.0,12,
1411,2026-11-12,Triceps Pushdown (Cable - Straight Bar),2,32.5,10,
1412,2026-11-12,Triceps Pushdown (Cable - Straight Bar),3,35.0,8,
1413,2026-11-12,Triceps Extension (Dumbbell),1,17.5,12,
1414,2026-11-12,Triceps Extension (Dumbbell),2,20.0,10,
1415,2026-11-12,Triceps Extension (Dumbbell),3,22.5,8,
1416,2026-11-12,Triceps Dip,1,,8,
1417,2026-11-12,Triceps Dip,2,,7,
1418,2026-11-12,Triceps Dip,3,,6,
1419,2026-11-14,Deadlift (Barbell),1,85.0,12,
1420,2026-11-14,Deadlift (Barbell),2,90.0,10,
1421,2026-11-14,Deadlift (Barbell),3,95.0,8,
1422,2026-11-14,Romanian Deadlift (Barbell),1,70.0,12,
1423,2026-11-14,Romanian Deadlift (Barbell),2,75.0,10,
1424,2026-11-14,Romanian Deadlift (Barbell),3,80.0,8,
1425,2026-11-14,Hip Thrust (Barbell),1,75.0,12,
1426,2026-11-14,Hip Thrust (Barbell),2,80.0,10,
1427,2026-11-14,Hip Thrust (Barbell),3,85.0,8,
1428,2026-11-14,Bulgarian Split Squat,1,19.5,12,
1429,2026-11-14,Bulgarian Split Squat,2,22.0,10,
1430,2026-11-14,Bulgarian Split Squat,3,24.5,8,
1431,2026-11-14,Cable Kickback,1,17.5,12,
1432,2026-11-14,Cable Kickback,2,20.0,10,
1433,2026-11-14,Cable Kickback,3,22.5,8,
1434,2026-11-14,Back Extension,1,,15,
1435,2026-11-14,Back Extension,2,,12,
1436,2026-11-14,Back Extension,3,,10,
1437,2026-11-14,Plank,1,,,1.0
1438,2026-11-14,Plank,2,,,1.25
1439,2026-11-14,Plank,3,,,1.5
1440,2026-11-14,Kettle Bell Single Leg Raises,1,19.5,12,
1441,2026-11-14,Kettle Bell Single Leg Raises,2,22.0,10,
1442,2026-11-14,Kettle Bell Single Leg Raises,3,24.5,8,
1443,2026-11-16,Running (Treadmill),1,,,30
1444,2026-11-16,Lat Pulldown (Cable),1,57.5,12,
1445,2026-11-16,Lat Pulldown (Cable),2,62.5,10,
1446,2026-11-16,Lat Pulldown (Cable),3,67.5,8,
1447,2026-11-16,Seated Row (Cable),1,57.5,12,
1448,2026-11-16,Seated Row (Cable),2,62.5,10,
1449,2026-11-16,Seated Row (Cable),3,67.5,8,
1450,2026-11-16,Bent Over One Arm Row (Dumbbell),1,26.75,12,
1451,2026-11-16,Bent Over One Arm Row (Dumbbell),2,29.25,10,
1452,2026-11-16,Bent Over One Arm Row (Dumbbell),3,31.75,8,
1453,2026-11-16,Bent Over Row (Barbell),1,57.5,12,
1454,2026-11-16,Bent Over Row (Barbell),2,62.5,10,
1455,2026-11-16,Bent Over Row (Barbell),3,67.5,8,
1456,2026-11-16,Face Pull (Cable),1,28.75,12,
1457,2026-11-16,Face Pull (Cable),2,31.25,10,
1458,2026-11-16,Face Pull (Cable),3,33.75,8,
1459,2026-11-16,Bicep Curl (Cable),1,23.75,12,
1460,2026-11-16,Bicep Curl (Cable),2,26.25,10,
1461,2026-11-16,Bicep Curl (Cable),3,28.75,8,
1462,2026-11-16,Crunch,1,,15,
1463,2026-11-16,Crunch,2,,12,
1464,2026-11-16,Crunch,3,,10,
1465,2026-11-16,Squat (Machine),1,77.5,12,
1466,2026-11-16,Squat (Machine),2,82.5,10,
1467,2026-11-16,Squat (Machine),3,87.5,8,
1468,2026-11-17,Squat (Barbell),1,72.5,12,
1469,2026-11-17,Squat (Barbell),2,77.5,10,
1470,2026-11-17,Squat (Barbell),3,82.5,8,
1471,2026-11-17,Leg Press,1,117.5,12,
1472,2026-11-17,Leg Press,2,122.5,10,
1473,2026-11-17,Leg Press,3,127.5,8,
1474,2026-11-17,Leg Extension (Machine),1,52.5,12,
1475,2026-11-17,Leg Extension (Machine),2,57.5,10,
1476,2026-11-17,Leg Extension (Machine),3,62.5,8,
1477,2026-11-17,Lying Leg Curl (Machine),1,47.5,12,
1478,2026-11-17,Lying Leg Curl (Machine),2,52.5,10,
1479,2026-11-17,Lying Leg Curl (Machine),3,57.5,8,
1480,2026-11-17,Hip Abductor (Machine),1,57.5,12,
1481,2026-11-17,Hip Abductor (Machine),2,62.5,10,
1482,2026-11-17,Hip Abductor (Machine),3,67.5,8,
1483,2026-11-17,hip extension,1,,15,
1484,2026-11-17,hip extension,2,,12,
1485,2026-11-17,hip extension,3,,10,
1486,2026-11-17,Standing Calf Raise (Bodyweight),1,,15,
1487,2026-11-17,Standing Calf Raise (Bodyweight),2,,12,
1488,2026-11-17,Standing Calf Raise (Bodyweight),3,,10,
1489,2026-11-17,Skullcrusher (Barbell),1,28.75,12,
1490,2026-11-17,Skullcrusher (Barbell),2,31.25,10,
1491,2026-11-17,Skullcrusher (Barbell),3,33.75,8,
1492,2026-11-19,Bench Press (Barbell),1,62.5,12,
1493,2026-11-19,Bench Press (Barbell),2,67.5,10,
1494,2026-11-19,Bench Press (Barbell),3,72.5,8,
1495,2026-11-19,Bench Press (Dumbbell),1,24.75,12,
1496,2026-11-19,Bench Press (Dumbbell),2,27.25,10,
1497,2026-11-19,Bench Press (Dumbbell),3,29.75,8,
1498,2026-11-19,Incline Bench Press (Barbell),1,52.5,12,
1499,2026-11-19,Incline Bench Press (Barbell),2,57.5,10,
1500,2026-11-19,Incline Bench Press (Barbell),3,62.5,8,
1501,2026-11-19,Chest Fly,1,47.5,12,
1502,2026-11-19,Chest Fly,2,52.5,10,
1503,2026-11-19,Chest Fly,3,57.5,8,
1504,2026-11-19,Seated Overhead Press (Dumbbell),1,20.75,12,
1505,2026-11-19,Seated Overhead Press (Dumbbell),2,23.25,10,
1506,2026-11-19,Seated Overhead Press (Dumbbell),3,25.75,8,
1507,2026-11-19,Overhead Press (Barbell),1,36.25,12,
1508,2026-11-19,Overhead Press (Barbell),2,38.75,10,
1509,2026-11-19,Overhead Press (Barbell),3,41.25,8,
1510,2026-11-19,Lateral Raise (Dumbbell),1,15.75,12,
1511,2026-11-19,Lateral Raise (Dumbbell),2,18.25,10,
1512,2026-11-19,Lateral Raise (Dumbbell),3,20.75,8,
1513,2026-11-19,Triceps Pushdown (Cable - Straight Bar),1,31.25,12,
1514,2026-11-19,Triceps Pushdown (Cable - Straight Bar),2,33.75,10,
1515,2026-11-19,Triceps Pushdown (Cable - Straight Bar),3,36.25,8,
1516,2026-11-19,Triceps Extension (Dumbbell),1,18.75,12,
1517,2026-11-19,Triceps Extension (Dumbbell),2,21.25,10,
1518,2026-11-19,Triceps Extension (Dumbbell),3,23.75,8,
1519,2026-11-19,Pause Squats ,1,62.5,12,
1520,2026-11-19,Pause Squats ,2,67.5,10,
1521,2026-11-19,Pause Squats ,3,72.5,8,
1522,2026-11-21,Deadlift (Barbell),1,87.5,12,
1523,2026-11-21,Deadlift (Barbell),2,92.5,10,
1524,2026-11-21,Deadlift (Barbell),3,97.5,8,
1525,2026-11-21,Romanian Deadlift (Barbell),1,72.5,12,
1526,2026-11-21,Romanian Deadlift (Barbell),2,77.5,10,
1527,2026-11-21,Romanian Deadlift (Barbell),3,82.5,8,
1528,2026-11-21,Hip Thrust (Barbell),1,77.5,12,
1529,2026-11-21,Hip Thrust (Barbell),2,82.5,10,
1530,2026-11-21,Hip Thrust (Barbell),3,87.5,8,
1531,2026-11-21,Bulgarian Split Squat,1,20.75,12,
1532,2026-11-21,Bulgarian Split Squat,2,23.25,10,
1533,2026-11-21,Bulgarian Split Squat,3,25.75,8,
1534,2026-11-21,Cable Kickback,1,18.75,12,
1535,2026-11-21,Cable Kickback,2,21.25,10,
1536,2026-11-21,Cable Kickback,3,23.75,8,
1537,2026-11-21,Back Extension,1,,15,
1538,2026-11-21,Back Extension,2,,12,
1539,2026-11-21,Back Extension,3,,10,
1540,2026-11-21,Plank,1,,,1.0
1541,2026-11-21,Plank,2,,,1.25
1542,2026-11-21,Plank,3,,,1.5
1543,2026-11-21,Larsen bench press ,1,52.5,12,
1544,2026-11-21,Larsen bench press ,2,57.5,10,
1545,2026-11-21,Larsen bench press ,3,62.5,8,
1546,2026-11-23,Running (Treadmill),1,,,32
1547,2026-11-23,Lat Pulldown (Cable),1,57.5,10,
1548,2026-11-23,Lat Pulldown (Cable),2,62.5,8,
1549,2026-11-23,Lat Pulldown (Cable),3,67.5,8,
1550,2026-11-23,Seated Row (Cable),1,57.5,10,
1551,2026-11-23,Seated Row (Cable),2,62.5,8,
1552,2026-11-23,Seated Row (Cable),3,67.5,8,
1553,2026-11-23,Bent Over One Arm Row (Dumbbell),1,26.75,10,
1554,2026-11-23,Bent Over One Arm Row (Dumbbell),2,29.25,8,
1555,2026-11-23,Bent Over One Arm Row (Dumbbell),3,31.75,8,
1556,2026-11-23,Bent Over Row (Barbell),1,57.5,10,
1557,2026-11-23,Bent Over Row (Barbell),2,62.5,8,
1558,2026-11-23,Bent Over Row (Barbell),3,67.5,8,
1559,2026-11-23,Face Pull (Cable),1,28.75,10,
1560,2026-11-23,Face Pull (Cable),2,31.25,8,
1561,2026-11-23,Face Pull (Cable),3,33.75,8,
1562,2026-11-23,Bicep Curl (Cable),1,23.75,10,
1563,2026-11-23,Bicep Curl (Cable),2,26.25,8,
1564,2026-11-23,Bicep Curl (Cable),3,28.75,8,
1565,2026-11-23,Crunch,1,,15,
1566,2026-11-23,Crunch,2,,12,
1567,2026-11-23,Crunch,3,,10,
1568,2026-11-23,Front Squat (Barbell),1,62.5,10,
1569,2026-11-23,Front Squat (Barbell),2,67.5,8,
1570,2026-11-23,Front Squat (Barbell),3,72.5,8,
1571,2026-11-24,Squat (Barbell),1,72.5,10,
1572,2026-11-24,Squat (Barbell),2,77.5,8,
1573,2026-11-24,Squat (Barbell),3,82.5,8,
1574,2026-11-24,Leg Press,1,117.5,10,
1575,2026-11-24,Leg Press,2,122.5,8,
1576,2026-11-24,Leg Press,3,127.5,8,
1577,2026-11-24,Leg Extension (Machine),1,52.5,10,
1578,2026-11-24,Leg Extension (Machine),2,57.5,8,
1579,2026-11-24,Leg Extension (Machine),3,62.5,8,
1580,2026-11-24,Lying Leg Curl (Machine),1,47.5,10,
1581,2026-11-24,Lying Leg Curl (Machine),2,52.5,8,
1582,2026-11-24,Lying Leg Curl (Machine),3,57.5,8,
1583,2026-11-24,Hip Abductor (Machine),1,57.5,10,
1584,2026-11-24,Hip Abductor (Machine),2,62.5,8,
1585,2026-11-24,Hip Abductor (Machine),3,67.5,8,
1586,2026-11-24,hip extension,1,,15,
1587,2026-11-24,hip extension,2,,12,
1588,2026-11-24,hip extension,3,,10,
1589,2026-11-24,Standing Calf Raise (Bodyweight),1,,15,
1590,2026-11-24,Standing Calf Raise (Bodyweight),2,,12,
1591,2026-11-24,Standing Calf Raise (Bodyweight),3,,10,
1592,2026-11-24,Seated Leg Curl (Machine),1,47.5,10,
1593,2026-11-24,Seated Leg Curl (Machine),2,52.5,8,
1594,2026-11-24,Seated Leg Curl (Machine),3,57.5,8,
1595,2026-11-26,Bench Press (Barbell),1,62.5,10,
1596,2026-11-26,Bench Press (Barbell),2,67.5,8,
1597,2026-11-26,Bench Press (Barbell),3,72.5,8,
1598,2026-11-26,Bench Press (Dumbbell),1,24.75,10,
1599,2026-11-26,Bench Press (Dumbbell),2,27.25,8,
1600,2026-11-26,Bench Press (Dumbbell),3,29.75,8,
1601,2026-11-26,Incline Bench Press (Barbell),1,52.5,10,
1602,2026-11-26,Incline Bench Press (Barbell),2,57.5,8,
1603,2026-11-26,Incline Bench Press (Barbell),3,62.5,8,
1604,2026-11-26,Chest Fly,1,47.5,10,
1605,2026-11-26,Chest Fly,2,52.5,8,
1606,2026-11-26,Chest Fly,3,57.5,8,
1607,2026-11-26,Seated Overhead Press (Dumbbell),1,20.75,10,
1608,2026-11-26,Seated Overhead Press (Dumbbell),2,23.25,8,
1609,2026-11-26,Seated Overhead Press (Dumbbell),3,25.75,8,
1610,2026-11-26,Overhead Press (Barbell),1,36.25,10,
1611,2026-11-26,Overhead Press (Barbell),2,38.75,8,
1612,2026-11-26,Overhead Press (Barbell),3,41.25,8,
1613,2026-11-26,Lateral Raise (Dumbbell),1,15.75,10,
1614,2026-11-26,Lateral Raise (Dumbbell),2,18.25,8,
1615,2026-11-26,Lateral Raise (Dumbbell),3,20.75,8,
1616,2026-11-26,Triceps Pushdown (Cable - Straight Bar),1,31.25,10,
1617,2026-11-26,Triceps Pushdown (Cable - Straight Bar),2,33.75,8,
1618,2026-11-26,Triceps Pushdown (Cable - Straight Bar),3,36.25,8,
1619,2026-11-26,Triceps Extension (Dumbbell),1,18.75,10,
1620,2026-11-26,Triceps Extension (Dumbbell),2,21.25,8,
1621,2026-11-26,Triceps Extension (Dumbbell),3,23.75,8,
1622,2026-11-26,Bicep Curl (Dumbbell),1,18.75,10,
1623,2026-11-26,Bicep Curl (Dumbbell),2,21.25,8,
1624,2026-11-26,Bicep Curl (Dumbbell),3,23.75,8,
1625,2026-11-28,Deadlift (Barbell),1,87.5,10,
1626,2026-11-28,Deadlift (Barbell),2,92.5,8,
1627,2026-11-28,Deadlift (Barbell),3,97.5,8,
1628,2026-11-28,Romanian Deadlift (Barbell),1,72.5,10,
1629,2026-11-28,Romanian Deadlift (Barbell),2,77.5,8,
1630,2026-11-28,Romanian Deadlift (Barbell),3,82.5,8,
1631,2026-11-28,Hip Thrust (Barbell),1,77.5,10,
1632,2026-11-28,Hip Thrust (Barbell),2,82.5,8,
1633,2026-11-28,Hip Thrust (Barbell),3,87.5,8,
1634,2026-11-28,Bulgarian Split Squat,1,20.75,10,
1635,2026-11-28,Bulgarian Split Squat,2,23.25,8,
1636,2026-11-28,Bulgarian Split Squat,3,25.75,8,
1637,2026-11-28,Cable Kickback,1,18.75,10,
1638,2026-11-28,Cable Kickback,2,21.25,8,
1639,2026-11-28,Cable Kickback,3,23.75,8,
1640,2026-11-28,Back Extension,1,,15,
1641,2026-11-28,Back Extension,2,,12,
1642,2026-11-28,Back Extension,3,,10,
1643,2026-11-28,Plank,1,,,1.0
1644,2026-11-28,Plank,2,,,1.25
1645,2026-11-28,Plank,3,,,1.5
1646,2026-11-28,Triceps Extension,1,20.75,10,
1647,2026-11-28,Triceps Extension,2,23.25,8,
1648,2026-11-28,Triceps Extension,3,25.75,8,
